#  old_rank	structure_name		score
0	1	ranked_1.pdb_clean	-131.89229077917068
1	9	ranked_9.pdb_clean	-115.5291646463801
2	4	ranked_4.pdb_clean	-114.38877991673496
3	16	ranked_16.pdb_clean	-87.56588436014053
4	48	ranked_48.pdb_clean	-84.79703205845512
5	11	ranked_11.pdb_clean	-78.61098180632378
6	6	ranked_6.pdb_clean	-65.27463310285793
7	3	ranked_3.pdb_clean	-61.83247223820291
8	13	ranked_13.pdb_clean	-52.906559537225995
9	53	ranked_53.pdb_clean	-22.600361022144767
10	2	ranked_2.pdb_clean	3.4720954294003548
11	5	ranked_5.pdb_clean	8.602294067300996
12	7	ranked_7.pdb_clean	11.04557243185117
13	44	ranked_44.pdb_clean	13.197224534659412
14	0	ranked_0.pdb_clean	13.681722567354285
15	46	ranked_46.pdb_clean	20.082884571928233
16	108	ranked_108.pdb_clean	20.650335301312438
17	26	ranked_26.pdb_clean	20.810358065086746
18	117	ranked_117.pdb_clean	23.461621765708145
19	111	ranked_111.pdb_clean	33.36857839223774
20	30	ranked_30.pdb_clean	33.493723443688936
21	157	ranked_157.pdb_clean	35.22032863339413
22	125	ranked_125.pdb_clean	37.57868980227141
23	158	ranked_158.pdb_clean	47.6385354834359
24	165	ranked_165.pdb_clean	48.65250767440541
25	38	ranked_38.pdb_clean	50.970823258144065
26	14	ranked_14.pdb_clean	54.42593744883051
27	59	ranked_59.pdb_clean	58.77693758074669
28	151	ranked_151.pdb_clean	59.70018951554056
29	15	ranked_15.pdb_clean	60.33175560151301
30	235	ranked_235.pdb_clean	69.54450898202592
31	214	ranked_214.pdb_clean	73.55887535234369
32	234	ranked_234.pdb_clean	73.74723047520982
33	174	ranked_174.pdb_clean	75.23556463829749
34	96	ranked_96.pdb_clean	78.57325435640985
35	129	ranked_129.pdb_clean	79.23441078169145
36	25	ranked_25.pdb_clean	80.47308633191722
37	178	ranked_178.pdb_clean	82.10253664464136
38	47	ranked_47.pdb_clean	83.56966844610014
39	118	ranked_118.pdb_clean	83.76973072810216
40	164	ranked_164.pdb_clean	88.01649778483721
41	242	ranked_242.pdb_clean	88.0555790431026
42	139	ranked_139.pdb_clean	89.32430403406204
43	293	ranked_293.pdb_clean	90.02154247385954
44	132	ranked_132.pdb_clean	90.97886266428455
45	142	ranked_142.pdb_clean	92.0193300489897
46	128	ranked_128.pdb_clean	92.08563855450089
47	24	ranked_24.pdb_clean	92.60395956108766
48	168	ranked_168.pdb_clean	93.57636604360496
49	320	ranked_320.pdb_clean	98.4296055135431
50	123	ranked_123.pdb_clean	105.55375415093272
51	195	ranked_195.pdb_clean	106.07962170189978
52	177	ranked_177.pdb_clean	107.66931158988419
53	197	ranked_197.pdb_clean	108.82689124325859
54	182	ranked_182.pdb_clean	109.57679743898865
55	134	ranked_134.pdb_clean	112.00781666828516
56	104	ranked_104.pdb_clean	112.57630260169418
57	252	ranked_252.pdb_clean	113.45981774963172
58	148	ranked_148.pdb_clean	114.03802189067736
59	19	ranked_19.pdb_clean	115.99402671913995
60	212	ranked_212.pdb_clean	116.07970598210329
61	103	ranked_103.pdb_clean	116.13050382485713
62	233	ranked_233.pdb_clean	116.13248547094503
63	60	ranked_60.pdb_clean	117.20695550471393
64	51	ranked_51.pdb_clean	117.8606155148191
65	316	ranked_316.pdb_clean	118.96200599041879
66	81	ranked_81.pdb_clean	119.9315001082407
67	145	ranked_145.pdb_clean	122.44747613381543
68	185	ranked_185.pdb_clean	123.22896681457584
69	338	ranked_338.pdb_clean	123.7662014365902
70	65	ranked_65.pdb_clean	123.83113160395897
71	93	ranked_93.pdb_clean	128.50728175632844
72	73	ranked_73.pdb_clean	131.07874186922763
73	66	ranked_66.pdb_clean	133.48886029713637
74	201	ranked_201.pdb_clean	134.45723312067116
75	220	ranked_220.pdb_clean	134.72589781713964
76	137	ranked_137.pdb_clean	135.04821221692617
77	187	ranked_187.pdb_clean	135.4130617134903
78	188	ranked_188.pdb_clean	135.94055072008186
79	180	ranked_180.pdb_clean	136.81878784775813
80	126	ranked_126.pdb_clean	137.7115267027733
81	55	ranked_55.pdb_clean	138.27375544427295
82	202	ranked_202.pdb_clean	141.4867885459491
83	193	ranked_193.pdb_clean	141.61972359774524
84	101	ranked_101.pdb_clean	143.08625193225612
85	175	ranked_175.pdb_clean	144.09839043505926
86	289	ranked_289.pdb_clean	145.69861196589977
87	154	ranked_154.pdb_clean	146.73278479242236
88	10	ranked_10.pdb_clean	148.15128514460173
89	245	ranked_245.pdb_clean	150.51010509855024
90	192	ranked_192.pdb_clean	150.53900748661252
91	355	ranked_355.pdb_clean	151.04842120655437
92	267	ranked_267.pdb_clean	155.7628625599561
93	64	ranked_64.pdb_clean	161.7504154075774
94	130	ranked_130.pdb_clean	162.34568173143185
95	211	ranked_211.pdb_clean	163.75640611861382
96	190	ranked_190.pdb_clean	167.49577530354043
97	232	ranked_232.pdb_clean	172.3540925199013
98	414	ranked_414.pdb_clean	173.99958455288623
99	387	ranked_387.pdb_clean	177.46464072720917
100	149	ranked_149.pdb_clean	178.64356035862133
101	150	ranked_150.pdb_clean	179.0278515970693
102	278	ranked_278.pdb_clean	180.9104356114005
103	57	ranked_57.pdb_clean	181.54597047576212
104	294	ranked_294.pdb_clean	182.9169054583289
105	247	ranked_247.pdb_clean	189.36366593062982
106	196	ranked_196.pdb_clean	191.1020909919776
107	372	ranked_372.pdb_clean	193.2482358163689
108	229	ranked_229.pdb_clean	195.5931817711818
109	136	ranked_136.pdb_clean	201.98644710352485
110	386	ranked_386.pdb_clean	203.34512680799463
111	217	ranked_217.pdb_clean	203.83785650867492
112	431	ranked_431.pdb_clean	207.4373182386334
113	405	ranked_405.pdb_clean	209.12930452143877
114	143	ranked_143.pdb_clean	215.21236488619672
115	292	ranked_292.pdb_clean	216.59554114797737
116	415	ranked_415.pdb_clean	216.77360867609536
117	337	ranked_337.pdb_clean	219.7496245603188
118	156	ranked_156.pdb_clean	219.7538200329543
119	206	ranked_206.pdb_clean	219.85230447796522
120	462	ranked_462.pdb_clean	221.2844399939989
121	240	ranked_240.pdb_clean	222.43431478808128
122	243	ranked_243.pdb_clean	223.9505786610568
123	425	ranked_425.pdb_clean	225.1476106686507
124	648	ranked_648.pdb_clean	225.7301819391609
125	393	ranked_393.pdb_clean	227.20349007149156
126	346	ranked_346.pdb_clean	228.6481957183933
127	334	ranked_334.pdb_clean	232.53902770647693
128	198	ranked_198.pdb_clean	238.16108654237553
129	259	ranked_259.pdb_clean	239.25158614580005
130	276	ranked_276.pdb_clean	239.59205705692926
131	191	ranked_191.pdb_clean	239.67632407765626
132	228	ranked_228.pdb_clean	243.32373013894295
133	440	ranked_440.pdb_clean	244.70869492583375
134	18	ranked_18.pdb_clean	245.9861935063932
135	155	ranked_155.pdb_clean	246.4469656798437
136	23	ranked_23.pdb_clean	248.77583268482493
137	397	ranked_397.pdb_clean	248.88404730849913
138	385	ranked_385.pdb_clean	250.70344365834575
139	219	ranked_219.pdb_clean	250.9726445105931
140	398	ranked_398.pdb_clean	251.71430857783628
141	27	ranked_27.pdb_clean	251.80736170728034
142	399	ranked_399.pdb_clean	251.88746478760498
143	227	ranked_227.pdb_clean	254.54314246656207
144	448	ranked_448.pdb_clean	257.6106675029945
145	77	ranked_77.pdb_clean	257.71950015303554
146	20	ranked_20.pdb_clean	259.04176546936105
147	261	ranked_261.pdb_clean	259.9647882177774
148	36	ranked_36.pdb_clean	261.3123256842298
149	173	ranked_173.pdb_clean	262.36087071146255
150	230	ranked_230.pdb_clean	263.1595127018382
151	309	ranked_309.pdb_clean	266.0919578130193
152	432	ranked_432.pdb_clean	268.0203456678176
153	436	ranked_436.pdb_clean	269.4812391147391
154	8	ranked_8.pdb_clean	269.802359714715
155	420	ranked_420.pdb_clean	271.43448380886065
156	483	ranked_483.pdb_clean	272.02953366997565
157	467	ranked_467.pdb_clean	272.9986264918779
158	441	ranked_441.pdb_clean	274.52306160574426
159	301	ranked_301.pdb_clean	276.1408525192525
160	194	ranked_194.pdb_clean	276.38771333612465
161	401	ranked_401.pdb_clean	276.5242008042947
162	204	ranked_204.pdb_clean	277.03914376135657
163	368	ranked_368.pdb_clean	282.44693386285843
164	75	ranked_75.pdb_clean	287.52239808824515
165	375	ranked_375.pdb_clean	291.3283416790736
166	208	ranked_208.pdb_clean	295.8252896415902
167	231	ranked_231.pdb_clean	300.450997480599
168	183	ranked_183.pdb_clean	300.75797225808356
169	600	ranked_600.pdb_clean	303.58460813432623
170	578	ranked_578.pdb_clean	304.15779974542954
171	76	ranked_76.pdb_clean	304.99599646525274
172	224	ranked_224.pdb_clean	305.3469228568426
173	594	ranked_594.pdb_clean	308.21070779603593
174	604	ranked_604.pdb_clean	310.96086774565117
175	54	ranked_54.pdb_clean	313.0749426389462
176	300	ranked_300.pdb_clean	313.99934164945466
177	84	ranked_84.pdb_clean	315.6197372676511
178	614	ranked_614.pdb_clean	316.545182386037
179	279	ranked_279.pdb_clean	321.8520058208709
180	308	ranked_308.pdb_clean	323.78191738636457
181	215	ranked_215.pdb_clean	324.65999428119886
182	412	ranked_412.pdb_clean	325.78990876428884
183	141	ranked_141.pdb_clean	325.8602780285863
184	576	ranked_576.pdb_clean	327.2447247455311
185	280	ranked_280.pdb_clean	329.08678089414053
186	17	ranked_17.pdb_clean	333.44802175507556
187	88	ranked_88.pdb_clean	334.54808751085795
188	408	ranked_408.pdb_clean	341.31367270137713
189	32	ranked_32.pdb_clean	342.7766941610901
190	207	ranked_207.pdb_clean	343.16345391300234
191	695	ranked_695.pdb_clean	349.08789050232207
192	285	ranked_285.pdb_clean	349.12449199598933
193	28	ranked_28.pdb_clean	350.438230944731
194	324	ranked_324.pdb_clean	355.7517610829735
195	238	ranked_238.pdb_clean	362.32320320084295
196	85	ranked_85.pdb_clean	365.0749138722705
197	283	ranked_283.pdb_clean	366.5825530990212
198	200	ranked_200.pdb_clean	367.09250706108554
199	281	ranked_281.pdb_clean	368.3677983459422
200	91	ranked_91.pdb_clean	371.106744639275
201	693	ranked_693.pdb_clean	371.85978208939844
202	78	ranked_78.pdb_clean	374.5227431658502
203	800	ranked_800.pdb_clean	374.7454950081648
204	622	ranked_622.pdb_clean	379.170937300871
205	643	ranked_643.pdb_clean	379.51964185479164
206	121	ranked_121.pdb_clean	381.2157425979607
207	666	ranked_666.pdb_clean	381.3070081301054
208	419	ranked_419.pdb_clean	382.3687059508383
209	363	ranked_363.pdb_clean	383.6005857098994
210	609	ranked_609.pdb_clean	385.77362205699785
211	347	ranked_347.pdb_clean	386.6555706666873
212	216	ranked_216.pdb_clean	387.5388366458186
213	356	ranked_356.pdb_clean	388.4062406876871
214	725	ranked_725.pdb_clean	390.45389044441623
215	557	ranked_557.pdb_clean	390.55963645055806
216	679	ranked_679.pdb_clean	392.09244438962554
217	620	ranked_620.pdb_clean	392.289323356161
218	687	ranked_687.pdb_clean	394.084570050193
219	559	ranked_559.pdb_clean	394.1359595237381
220	715	ranked_715.pdb_clean	396.3346195157832
221	495	ranked_495.pdb_clean	401.24980820199033
222	127	ranked_127.pdb_clean	402.64795222606466
223	273	ranked_273.pdb_clean	404.7930423837478
224	717	ranked_717.pdb_clean	408.94663895281826
225	506	ranked_506.pdb_clean	410.3372054560794
226	674	ranked_674.pdb_clean	410.95366708282444
227	246	ranked_246.pdb_clean	411.3197577611793
228	315	ranked_315.pdb_clean	412.7592791507222
229	602	ranked_602.pdb_clean	419.9467065831108
230	94	ranked_94.pdb_clean	419.9898441501987
231	796	ranked_796.pdb_clean	420.0266494770857
232	764	ranked_764.pdb_clean	421.53896647033844
233	250	ranked_250.pdb_clean	426.448237622959
234	213	ranked_213.pdb_clean	427.1064310610785
235	72	ranked_72.pdb_clean	427.11933875577415
236	95	ranked_95.pdb_clean	427.15074801511304
237	723	ranked_723.pdb_clean	429.07867939216766
238	632	ranked_632.pdb_clean	429.28683607310745
239	274	ranked_274.pdb_clean	429.47224190447633
240	113	ranked_113.pdb_clean	432.48460909355924
241	784	ranked_784.pdb_clean	436.069533189145
242	244	ranked_244.pdb_clean	438.36129250726225
243	37	ranked_37.pdb_clean	439.9406025954321
244	109	ranked_109.pdb_clean	440.41062821808714
245	237	ranked_237.pdb_clean	444.10293664897233
246	580	ranked_580.pdb_clean	444.3269287524759
247	821	ranked_821.pdb_clean	445.8177784813385
248	810	ranked_810.pdb_clean	447.1008042068483
249	705	ranked_705.pdb_clean	451.21070200509104
250	176	ranked_176.pdb_clean	451.8340755709565
251	218	ranked_218.pdb_clean	452.395528311108
252	579	ranked_579.pdb_clean	454.480867974839
253	761	ranked_761.pdb_clean	456.2526435239814
254	256	ranked_256.pdb_clean	458.04302234712685
255	489	ranked_489.pdb_clean	459.2412348368205
256	477	ranked_477.pdb_clean	460.0255023461272
257	86	ranked_86.pdb_clean	460.6359948435119
258	120	ranked_120.pdb_clean	461.22666305096726
259	305	ranked_305.pdb_clean	462.24399376023604
260	502	ranked_502.pdb_clean	472.74400886388577
261	774	ranked_774.pdb_clean	475.01788768665125
262	131	ranked_131.pdb_clean	475.42365745940543
263	646	ranked_646.pdb_clean	478.7570906988796
264	270	ranked_270.pdb_clean	479.90515137648487
265	45	ranked_45.pdb_clean	479.9537940747861
266	21	ranked_21.pdb_clean	484.6696415241036
267	12	ranked_12.pdb_clean	487.1451434973637
268	581	ranked_581.pdb_clean	489.28147126701737
269	249	ranked_249.pdb_clean	494.92113055456986
270	362	ranked_362.pdb_clean	495.01819882366857
271	890	ranked_890.pdb_clean	502.03860808126404
272	389	ranked_389.pdb_clean	503.2742722096361
273	703	ranked_703.pdb_clean	503.3741963521458
274	550	ranked_550.pdb_clean	504.20294674813437
275	22	ranked_22.pdb_clean	505.51185668246484
276	284	ranked_284.pdb_clean	511.31874843185204
277	452	ranked_452.pdb_clean	512.3453062322519
278	299	ranked_299.pdb_clean	512.9610741408337
279	645	ranked_645.pdb_clean	520.411116666115
280	82	ranked_82.pdb_clean	521.4283007170152
281	749	ranked_749.pdb_clean	522.4293500860656
282	879	ranked_879.pdb_clean	526.00178068235
283	430	ranked_430.pdb_clean	538.0618885784434
284	588	ranked_588.pdb_clean	542.6406820882539
285	34	ranked_34.pdb_clean	551.5758283392329
286	524	ranked_524.pdb_clean	552.401748288733
287	776	ranked_776.pdb_clean	552.4027533211438
288	473	ranked_473.pdb_clean	557.7671743165411
289	857	ranked_857.pdb_clean	562.1053066669956
290	373	ranked_373.pdb_clean	563.6340226551836
291	83	ranked_83.pdb_clean	563.7044654230858
292	225	ranked_225.pdb_clean	564.7533747697803
293	662	ranked_662.pdb_clean	575.1537175346659
294	787	ranked_787.pdb_clean	576.4350005383335
295	290	ranked_290.pdb_clean	578.2361396944575
296	406	ranked_406.pdb_clean	579.1780556493313
297	722	ranked_722.pdb_clean	583.1163236871153
298	873	ranked_873.pdb_clean	583.9723804064856
299	35	ranked_35.pdb_clean	584.4115590305933
300	858	ranked_858.pdb_clean	584.7544393337207
301	827	ranked_827.pdb_clean	588.3306001568944
302	825	ranked_825.pdb_clean	589.2129298989671
303	846	ranked_846.pdb_clean	590.0584445408072
304	68	ranked_68.pdb_clean	590.4986491096986
305	210	ranked_210.pdb_clean	597.2321648379159
306	253	ranked_253.pdb_clean	598.0981923791253
307	184	ranked_184.pdb_clean	598.5781263137842
308	199	ranked_199.pdb_clean	604.120666153615
309	319	ranked_319.pdb_clean	607.6494809693695
310	853	ranked_853.pdb_clean	610.4859554854525
311	818	ranked_818.pdb_clean	611.2743038772896
312	302	ranked_302.pdb_clean	611.429867745205
313	631	ranked_631.pdb_clean	612.1390459377985
314	721	ranked_721.pdb_clean	618.758729352762
315	119	ranked_119.pdb_clean	622.1866443681492
316	63	ranked_63.pdb_clean	622.481059182423
317	144	ranked_144.pdb_clean	625.027036967663
318	427	ranked_427.pdb_clean	628.0246193885625
319	328	ranked_328.pdb_clean	629.7995036009404
320	203	ranked_203.pdb_clean	631.3176322402135
321	822	ranked_822.pdb_clean	634.3685472794857
322	306	ranked_306.pdb_clean	637.4072107524655
323	611	ranked_611.pdb_clean	637.5464891309539
324	271	ranked_271.pdb_clean	639.6003975906615
325	92	ranked_92.pdb_clean	645.5748500286913
326	343	ranked_343.pdb_clean	647.9395184837038
327	348	ranked_348.pdb_clean	651.2924769015481
328	159	ranked_159.pdb_clean	651.349005122328
329	919	ranked_919.pdb_clean	652.8745669179787
330	226	ranked_226.pdb_clean	654.7687265736567
331	312	ranked_312.pdb_clean	656.9861688803967
332	189	ranked_189.pdb_clean	662.0189684537215
333	660	ranked_660.pdb_clean	662.1428878851677
334	166	ranked_166.pdb_clean	666.3960320398339
335	931	ranked_931.pdb_clean	668.1483872376004
336	31	ranked_31.pdb_clean	668.4047077662838
337	651	ranked_651.pdb_clean	670.5661644907004
338	517	ranked_517.pdb_clean	671.1190016506396
339	251	ranked_251.pdb_clean	672.1170008216588
340	295	ranked_295.pdb_clean	672.7209441193359
341	286	ranked_286.pdb_clean	677.9585458176016
342	268	ranked_268.pdb_clean	680.0799575502317
343	105	ranked_105.pdb_clean	683.398635243007
344	87	ranked_87.pdb_clean	687.3468563201557
345	813	ranked_813.pdb_clean	688.6862370299957
346	354	ranked_354.pdb_clean	695.7875788657898
347	99	ranked_99.pdb_clean	697.3374204625316
348	518	ranked_518.pdb_clean	698.63197370343
349	730	ranked_730.pdb_clean	700.1763854759754
350	167	ranked_167.pdb_clean	704.329866139974
351	153	ranked_153.pdb_clean	705.0228389068861
352	847	ranked_847.pdb_clean	705.0923918503283
353	169	ranked_169.pdb_clean	708.8559616608838
354	100	ranked_100.pdb_clean	711.1048508013541
355	874	ranked_874.pdb_clean	711.6301107021361
356	381	ranked_381.pdb_clean	712.0555748679219
357	260	ranked_260.pdb_clean	712.94912751314
358	80	ranked_80.pdb_clean	713.4401362011381
359	133	ranked_133.pdb_clean	716.4281825695352
360	135	ranked_135.pdb_clean	721.2352148377208
361	97	ranked_97.pdb_clean	722.2722205967705
362	263	ranked_263.pdb_clean	730.5569279476954
363	451	ranked_451.pdb_clean	736.8213427278304
364	326	ranked_326.pdb_clean	738.9874833461497
365	856	ranked_856.pdb_clean	740.8686971061702
366	39	ranked_39.pdb_clean	744.8178131835912
367	490	ranked_490.pdb_clean	746.023003473922
368	635	ranked_635.pdb_clean	749.5385995577321
369	98	ranked_98.pdb_clean	754.5005732391378
370	56	ranked_56.pdb_clean	757.862299989773
371	140	ranked_140.pdb_clean	764.4745863588955
372	855	ranked_855.pdb_clean	771.0719007259836
373	543	ranked_543.pdb_clean	771.4504551967452
374	889	ranked_889.pdb_clean	779.1733937470781
375	395	ranked_395.pdb_clean	779.4461497276754
376	106	ranked_106.pdb_clean	780.1157932648416
377	221	ranked_221.pdb_clean	780.2500894171942
378	783	ranked_783.pdb_clean	781.6045130538621
379	909	ranked_909.pdb_clean	783.9200694503847
380	74	ranked_74.pdb_clean	787.3703895987703
381	116	ranked_116.pdb_clean	788.265437982719
382	416	ranked_416.pdb_clean	788.3036234363592
383	89	ranked_89.pdb_clean	790.0903195536928
384	625	ranked_625.pdb_clean	791.9681418401944
385	349	ranked_349.pdb_clean	795.0436441595605
386	223	ranked_223.pdb_clean	795.1005968214629
387	921	ranked_921.pdb_clean	800.3122071221953
388	410	ranked_410.pdb_clean	811.3152941552373
389	162	ranked_162.pdb_clean	812.4241052403615
390	704	ranked_704.pdb_clean	823.0615820038483
391	266	ranked_266.pdb_clean	825.3975875701606
392	486	ranked_486.pdb_clean	827.3338372530529
393	179	ranked_179.pdb_clean	828.9698424041958
394	876	ranked_876.pdb_clean	831.7118652196327
395	839	ranked_839.pdb_clean	834.290585747958
396	446	ranked_446.pdb_clean	835.7508994409179
397	124	ranked_124.pdb_clean	837.1479177313704
398	530	ranked_530.pdb_clean	838.2302300493473
399	733	ranked_733.pdb_clean	843.8366231654963
400	40	ranked_40.pdb_clean	844.0919464107615
401	525	ranked_525.pdb_clean	847.5483215152849
402	690	ranked_690.pdb_clean	855.8192446609241
403	867	ranked_867.pdb_clean	856.3365818774564
404	181	ranked_181.pdb_clean	856.5012949323825
405	264	ranked_264.pdb_clean	856.8495819371722
406	170	ranked_170.pdb_clean	857.6131641611348
407	112	ranked_112.pdb_clean	863.7185935581952
408	400	ranked_400.pdb_clean	863.725994066077
409	370	ranked_370.pdb_clean	866.0774310810207
410	303	ranked_303.pdb_clean	866.4505077199547
411	439	ranked_439.pdb_clean	871.8072951925894
412	171	ranked_171.pdb_clean	874.6517544287165
413	842	ranked_842.pdb_clean	876.0487071858502
414	90	ranked_90.pdb_clean	876.884566476956
415	487	ranked_487.pdb_clean	880.392383546276
416	460	ranked_460.pdb_clean	885.5201608242057
417	864	ranked_864.pdb_clean	891.6324024445694
418	330	ranked_330.pdb_clean	892.6847712058443
419	816	ranked_816.pdb_clean	903.5766247067659
420	883	ranked_883.pdb_clean	906.509022614476
421	798	ranked_798.pdb_clean	909.1808330629785
422	209	ranked_209.pdb_clean	918.5434294826346
423	288	ranked_288.pdb_clean	919.1435801694256
424	222	ranked_222.pdb_clean	919.7619675335268
425	350	ranked_350.pdb_clean	921.5648664346502
426	838	ranked_838.pdb_clean	921.8386635731688
427	444	ranked_444.pdb_clean	922.3355185670721
428	409	ranked_409.pdb_clean	930.1991520024051
429	655	ranked_655.pdb_clean	933.0557921755756
430	805	ranked_805.pdb_clean	943.6663203002447
431	161	ranked_161.pdb_clean	944.5849845381672
432	474	ranked_474.pdb_clean	944.6276374957399
433	458	ranked_458.pdb_clean	952.0791919583976
434	608	ranked_608.pdb_clean	954.0338847024505
435	146	ranked_146.pdb_clean	954.2016127367904
436	793	ranked_793.pdb_clean	954.6098827266969
437	310	ranked_310.pdb_clean	963.4078222315895
438	33	ranked_33.pdb_clean	964.0472831485527
439	388	ranked_388.pdb_clean	964.7211959932381
440	329	ranked_329.pdb_clean	970.4816969925489
441	824	ranked_824.pdb_clean	973.2932432794066
442	455	ranked_455.pdb_clean	974.5639958266909
443	138	ranked_138.pdb_clean	977.602253259475
444	52	ranked_52.pdb_clean	981.1446328164454
445	438	ranked_438.pdb_clean	989.0468793603352
446	272	ranked_272.pdb_clean	997.4934163677758
447	255	ranked_255.pdb_clean	1000.0287179326749
448	946	ranked_946.pdb_clean	1001.4238699779519
449	277	ranked_277.pdb_clean	1005.8336550006227
450	869	ranked_869.pdb_clean	1023.5101591967675
451	553	ranked_553.pdb_clean	1026.03494540367
452	269	ranked_269.pdb_clean	1026.2959301135475
453	862	ranked_862.pdb_clean	1028.3216877108443
454	899	ranked_899.pdb_clean	1030.5428221915727
455	29	ranked_29.pdb_clean	1033.6664264940987
456	102	ranked_102.pdb_clean	1053.3167171504047
457	239	ranked_239.pdb_clean	1060.643339720815
458	205	ranked_205.pdb_clean	1061.1891186095609
459	627	ranked_627.pdb_clean	1063.876473393461
460	640	ranked_640.pdb_clean	1064.4943315803139
461	265	ranked_265.pdb_clean	1071.344193375077
462	511	ranked_511.pdb_clean	1072.1038401748558
463	382	ranked_382.pdb_clean	1081.6093255600258
464	968	ranked_968.pdb_clean	1084.105653184842
465	152	ranked_152.pdb_clean	1084.9045407680067
466	820	ranked_820.pdb_clean	1094.0325359644273
467	872	ranked_872.pdb_clean	1102.499068049166
468	829	ranked_829.pdb_clean	1103.023409712586
469	512	ranked_512.pdb_clean	1104.367864816833
470	359	ranked_359.pdb_clean	1108.0468438122405
471	307	ranked_307.pdb_clean	1116.6523612638027
472	365	ranked_365.pdb_clean	1130.2675675901544
473	287	ranked_287.pdb_clean	1131.8132231002096
474	461	ranked_461.pdb_clean	1135.9824200208852
475	43	ranked_43.pdb_clean	1137.4231659628251
476	569	ranked_569.pdb_clean	1142.7784685689824
477	469	ranked_469.pdb_clean	1151.4290001943457
478	342	ranked_342.pdb_clean	1158.59605758951
479	586	ranked_586.pdb_clean	1160.775295350424
480	523	ranked_523.pdb_clean	1171.8605312236566
481	716	ranked_716.pdb_clean	1173.5898959874653
482	58	ranked_58.pdb_clean	1177.7217870258012
483	79	ranked_79.pdb_clean	1183.0417152909627
484	896	ranked_896.pdb_clean	1191.9756486589035
485	522	ranked_522.pdb_clean	1198.5977900362739
486	970	ranked_970.pdb_clean	1199.1630249616487
487	998	ranked_998.pdb_clean	1202.6064819764888
488	42	ranked_42.pdb_clean	1213.2254597597437
489	493	ranked_493.pdb_clean	1214.5165175650639
490	377	ranked_377.pdb_clean	1229.3367205599452
491	494	ranked_494.pdb_clean	1230.9223271475269
492	254	ranked_254.pdb_clean	1238.8626487611232
493	50	ranked_50.pdb_clean	1243.776125646521
494	556	ranked_556.pdb_clean	1252.028081439065
495	426	ranked_426.pdb_clean	1259.4098187410768
496	442	ranked_442.pdb_clean	1260.5045155351688
497	402	ranked_402.pdb_clean	1266.0773195269603
498	988	ranked_988.pdb_clean	1286.1921737212976
499	613	ranked_613.pdb_clean	1287.1203679743867
500	948	ranked_948.pdb_clean	1295.6803523724031
501	297	ranked_297.pdb_clean	1310.8837455750445
502	258	ranked_258.pdb_clean	1314.6650115117143
503	923	ranked_923.pdb_clean	1320.1493899344143
504	531	ranked_531.pdb_clean	1321.7272371107963
505	910	ranked_910.pdb_clean	1324.5522282101088
506	544	ranked_544.pdb_clean	1328.2826371331134
507	421	ranked_421.pdb_clean	1329.0102595559692
508	904	ranked_904.pdb_clean	1329.5009346893744
509	748	ranked_748.pdb_clean	1345.281950009196
510	62	ranked_62.pdb_clean	1347.4407405483735
511	626	ranked_626.pdb_clean	1354.0755692278271
512	361	ranked_361.pdb_clean	1355.6206186084423
513	546	ranked_546.pdb_clean	1357.1763587489045
514	71	ranked_71.pdb_clean	1364.1685534182457
515	509	ranked_509.pdb_clean	1364.7299189349503
516	541	ranked_541.pdb_clean	1374.5175184933119
517	972	ranked_972.pdb_clean	1383.6123784036797
518	423	ranked_423.pdb_clean	1393.240504180391
519	327	ranked_327.pdb_clean	1402.7381870203576
520	352	ranked_352.pdb_clean	1404.9532853798737
521	851	ranked_851.pdb_clean	1407.2010151507543
522	966	ranked_966.pdb_clean	1408.1331894916798
523	507	ranked_507.pdb_clean	1412.3147049099584
524	67	ranked_67.pdb_clean	1413.7500031947634
525	257	ranked_257.pdb_clean	1420.0902739089715
526	865	ranked_865.pdb_clean	1427.553540000318
527	61	ranked_61.pdb_clean	1439.557718846124
528	535	ranked_535.pdb_clean	1439.7726290510686
529	339	ranked_339.pdb_clean	1440.7188921880818
530	450	ranked_450.pdb_clean	1453.2441474980265
531	470	ranked_470.pdb_clean	1460.2896406091224
532	521	ranked_521.pdb_clean	1460.3287323590125
533	615	ranked_615.pdb_clean	1460.9393344002963
534	599	ranked_599.pdb_clean	1477.9340317887109
535	471	ranked_471.pdb_clean	1494.8052886955836
536	435	ranked_435.pdb_clean	1497.1160763813716
537	779	ranked_779.pdb_clean	1499.732001901839
538	367	ranked_367.pdb_clean	1500.6109409322464
539	941	ranked_941.pdb_clean	1503.8438410171814
540	664	ranked_664.pdb_clean	1518.028494590119
541	642	ranked_642.pdb_clean	1518.111775198678
542	743	ranked_743.pdb_clean	1533.1311447221808
543	275	ranked_275.pdb_clean	1537.837401960792
544	186	ranked_186.pdb_clean	1547.5623695271497
545	714	ranked_714.pdb_clean	1549.5164630790105
546	597	ranked_597.pdb_clean	1557.968466704641
547	505	ranked_505.pdb_clean	1558.7510959219794
548	554	ranked_554.pdb_clean	1563.4007207060383
549	902	ranked_902.pdb_clean	1569.6893893793988
550	384	ranked_384.pdb_clean	1572.5195810553787
551	282	ranked_282.pdb_clean	1576.8170879234872
552	403	ranked_403.pdb_clean	1578.933272795461
553	411	ranked_411.pdb_clean	1585.9305306519957
554	669	ranked_669.pdb_clean	1588.0886610471725
555	358	ranked_358.pdb_clean	1592.257291393349
556	456	ranked_456.pdb_clean	1593.6405835381806
557	160	ranked_160.pdb_clean	1604.0278722064204
558	913	ranked_913.pdb_clean	1605.364100846464
559	480	ranked_480.pdb_clean	1609.1232406357178
560	700	ranked_700.pdb_clean	1614.1586808501547
561	859	ranked_859.pdb_clean	1614.7531135732668
562	380	ranked_380.pdb_clean	1615.0012648690922
563	595	ranked_595.pdb_clean	1628.6082344146496
564	172	ranked_172.pdb_clean	1637.1583811504847
565	834	ranked_834.pdb_clean	1642.4817213477415
566	508	ranked_508.pdb_clean	1644.0427913731417
567	391	ranked_391.pdb_clean	1645.424836931945
568	392	ranked_392.pdb_clean	1661.6510745406117
569	424	ranked_424.pdb_clean	1666.3962002693856
570	513	ranked_513.pdb_clean	1694.9390820320943
571	812	ranked_812.pdb_clean	1696.0844117953818
572	528	ranked_528.pdb_clean	1707.2660659819494
573	390	ranked_390.pdb_clean	1724.5046354900276
574	262	ranked_262.pdb_clean	1728.2506745715548
575	69	ranked_69.pdb_clean	1730.3241836170039
576	115	ranked_115.pdb_clean	1731.4814734241318
577	325	ranked_325.pdb_clean	1731.6222013788943
578	514	ranked_514.pdb_clean	1739.2424380108166
579	413	ranked_413.pdb_clean	1744.6855195631538
580	540	ranked_540.pdb_clean	1745.3954707744406
581	485	ranked_485.pdb_clean	1751.0333779523312
582	484	ranked_484.pdb_clean	1754.511159639429
583	333	ranked_333.pdb_clean	1756.188096473606
584	741	ranked_741.pdb_clean	1756.5792797611614
585	795	ranked_795.pdb_clean	1767.3128492723172
586	585	ranked_585.pdb_clean	1771.2191342534531
587	790	ranked_790.pdb_clean	1772.7342329027165
588	503	ranked_503.pdb_clean	1776.9230125986999
589	366	ranked_366.pdb_clean	1781.0277938309694
590	481	ranked_481.pdb_clean	1785.1429500302743
591	976	ranked_976.pdb_clean	1790.6352100779281
592	437	ranked_437.pdb_clean	1799.6585366050622
593	650	ranked_650.pdb_clean	1800.2402736033926
594	593	ranked_593.pdb_clean	1804.7989689103924
595	634	ranked_634.pdb_clean	1808.1494593477287
596	335	ranked_335.pdb_clean	1808.2300655635156
597	792	ranked_792.pdb_clean	1810.6879499103388
598	447	ranked_447.pdb_clean	1815.0666820037852
599	41	ranked_41.pdb_clean	1815.7595052417958
600	892	ranked_892.pdb_clean	1815.9110874202004
601	527	ranked_527.pdb_clean	1818.7952693306688
602	459	ranked_459.pdb_clean	1835.4378027021487
603	823	ranked_823.pdb_clean	1835.4605758908049
604	478	ranked_478.pdb_clean	1837.8610029976344
605	886	ranked_886.pdb_clean	1839.0421334665846
606	533	ranked_533.pdb_clean	1844.2575174901303
607	449	ranked_449.pdb_clean	1845.6484358447883
608	520	ranked_520.pdb_clean	1847.664524035184
609	918	ranked_918.pdb_clean	1851.5605121531496
610	852	ranked_852.pdb_clean	1852.7542970052787
611	710	ranked_710.pdb_clean	1854.789519949642
612	551	ranked_551.pdb_clean	1864.4349147271746
613	657	ranked_657.pdb_clean	1866.230680679285
614	707	ranked_707.pdb_clean	1869.608217668424
615	672	ranked_672.pdb_clean	1872.7250223080598
616	912	ranked_912.pdb_clean	1872.8176852281772
617	110	ranked_110.pdb_clean	1876.2070218297176
618	376	ranked_376.pdb_clean	1880.450662068417
619	930	ranked_930.pdb_clean	1880.6758848581246
620	617	ranked_617.pdb_clean	1890.1280638723526
621	596	ranked_596.pdb_clean	1892.4418292042783
622	464	ranked_464.pdb_clean	1895.822067674413
623	70	ranked_70.pdb_clean	1896.4747386523384
624	718	ranked_718.pdb_clean	1905.0385312730677
625	605	ranked_605.pdb_clean	1905.3088859714276
626	753	ranked_753.pdb_clean	1910.1004068177563
627	475	ranked_475.pdb_clean	1912.7163758780396
628	621	ranked_621.pdb_clean	1915.7908660832823
629	404	ranked_404.pdb_clean	1916.8754380985627
630	318	ranked_318.pdb_clean	1918.2276945799988
631	369	ranked_369.pdb_clean	1927.1802518843704
632	532	ranked_532.pdb_clean	1931.6851077962574
633	555	ranked_555.pdb_clean	1934.4720204709747
634	628	ranked_628.pdb_clean	1936.111844092954
635	496	ranked_496.pdb_clean	1939.1857007712629
636	797	ranked_797.pdb_clean	1940.5891384845
637	940	ranked_940.pdb_clean	1941.092329480091
638	987	ranked_987.pdb_clean	1944.4080229340072
639	636	ranked_636.pdb_clean	1944.4710971399672
640	659	ranked_659.pdb_clean	1949.3389537445914
641	49	ranked_49.pdb_clean	1957.6545331295074
642	364	ranked_364.pdb_clean	1958.1938078942171
643	751	ranked_751.pdb_clean	1964.8775664041946
644	601	ranked_601.pdb_clean	1966.4485307670159
645	610	ranked_610.pdb_clean	1966.8687432136526
646	291	ranked_291.pdb_clean	1971.8647574602044
647	906	ranked_906.pdb_clean	1977.6091571809063
648	457	ranked_457.pdb_clean	1983.4455994139328
649	986	ranked_986.pdb_clean	1991.320396233757
650	472	ranked_472.pdb_clean	1992.0364375537667
651	582	ranked_582.pdb_clean	1992.5058297231285
652	537	ranked_537.pdb_clean	1994.819013121511
653	854	ranked_854.pdb_clean	2000.7053402866286
654	720	ranked_720.pdb_clean	2001.7784232124636
655	845	ranked_845.pdb_clean	2006.0139784723333
656	418	ranked_418.pdb_clean	2013.0749900345845
657	836	ranked_836.pdb_clean	2014.2586245801244
658	567	ranked_567.pdb_clean	2015.1551184431446
659	633	ranked_633.pdb_clean	2015.6622108134093
660	122	ranked_122.pdb_clean	2017.7411994304894
661	341	ranked_341.pdb_clean	2032.851639549161
662	907	ranked_907.pdb_clean	2035.9794211117073
663	938	ranked_938.pdb_clean	2038.1834993194202
664	468	ranked_468.pdb_clean	2039.8367585978453
665	689	ranked_689.pdb_clean	2040.5527593938646
666	296	ranked_296.pdb_clean	2041.0437037278894
667	332	ranked_332.pdb_clean	2045.312686402946
668	955	ranked_955.pdb_clean	2046.0058031886947
669	603	ranked_603.pdb_clean	2047.15519730174
670	670	ranked_670.pdb_clean	2047.7115073905384
671	529	ranked_529.pdb_clean	2059.0745241235395
672	434	ranked_434.pdb_clean	2064.0733303413954
673	552	ranked_552.pdb_clean	2065.717048996447
674	830	ranked_830.pdb_clean	2068.8307836203508
675	619	ranked_619.pdb_clean	2070.0436392419597
676	584	ranked_584.pdb_clean	2072.743978903462
677	571	ranked_571.pdb_clean	2080.8786344074947
678	624	ranked_624.pdb_clean	2081.4250287186433
679	881	ranked_881.pdb_clean	2085.1114711221926
680	607	ranked_607.pdb_clean	2086.3868681317904
681	241	ranked_241.pdb_clean	2091.3914026466628
682	807	ranked_807.pdb_clean	2091.4348573390657
683	656	ranked_656.pdb_clean	2093.651669340625
684	772	ranked_772.pdb_clean	2095.468494456427
685	396	ranked_396.pdb_clean	2095.488084562988
686	951	ranked_951.pdb_clean	2095.492579410325
687	590	ranked_590.pdb_clean	2096.110141684819
688	499	ranked_499.pdb_clean	2097.2465768152224
689	545	ranked_545.pdb_clean	2097.450692283483
690	353	ranked_353.pdb_clean	2098.3671395786773
691	519	ranked_519.pdb_clean	2110.6487523568203
692	563	ranked_563.pdb_clean	2111.775965881362
693	445	ranked_445.pdb_clean	2118.3663719094125
694	826	ranked_826.pdb_clean	2119.6096592619747
695	959	ranked_959.pdb_clean	2125.260609960736
696	992	ranked_992.pdb_clean	2128.8586487691155
697	957	ranked_957.pdb_clean	2133.782184702382
698	598	ranked_598.pdb_clean	2152.5050803971144
699	850	ranked_850.pdb_clean	2153.836821440645
700	993	ranked_993.pdb_clean	2154.459111823685
701	914	ranked_914.pdb_clean	2161.2552774291294
702	492	ranked_492.pdb_clean	2168.7237950279296
703	583	ranked_583.pdb_clean	2168.9219463181676
704	878	ranked_878.pdb_clean	2169.583384592446
705	317	ranked_317.pdb_clean	2185.678955742355
706	952	ranked_952.pdb_clean	2186.630400307619
707	547	ranked_547.pdb_clean	2190.9981871180385
708	880	ranked_880.pdb_clean	2191.1546187281574
709	971	ranked_971.pdb_clean	2191.902816335379
710	809	ranked_809.pdb_clean	2193.0282523487163
711	515	ranked_515.pdb_clean	2194.1985147901732
712	114	ranked_114.pdb_clean	2200.5105163297294
713	482	ranked_482.pdb_clean	2207.6994236796577
714	947	ranked_947.pdb_clean	2208.1170980520674
715	454	ranked_454.pdb_clean	2217.9696611480217
716	711	ranked_711.pdb_clean	2218.270475424099
717	379	ranked_379.pdb_clean	2218.7474945151857
718	344	ranked_344.pdb_clean	2219.4609126592377
719	875	ranked_875.pdb_clean	2221.050739749314
720	768	ranked_768.pdb_clean	2221.257097888511
721	561	ranked_561.pdb_clean	2223.870114802175
722	979	ranked_979.pdb_clean	2225.831810700658
723	814	ranked_814.pdb_clean	2227.08339635505
724	935	ranked_935.pdb_clean	2233.4727163098687
725	900	ranked_900.pdb_clean	2234.2194674505104
726	724	ranked_724.pdb_clean	2235.094114705124
727	147	ranked_147.pdb_clean	2243.291148254701
728	960	ranked_960.pdb_clean	2250.273196089935
729	568	ranked_568.pdb_clean	2256.036648736204
730	476	ranked_476.pdb_clean	2258.705674489093
731	806	ranked_806.pdb_clean	2260.0592733036383
732	958	ranked_958.pdb_clean	2261.3002593968954
733	871	ranked_871.pdb_clean	2262.291409559522
734	510	ranked_510.pdb_clean	2262.6813376008186
735	107	ranked_107.pdb_clean	2264.0142680327335
736	564	ranked_564.pdb_clean	2265.226093180275
737	671	ranked_671.pdb_clean	2273.122538507029
738	673	ranked_673.pdb_clean	2275.7636319418475
739	637	ranked_637.pdb_clean	2278.4983163019506
740	641	ranked_641.pdb_clean	2280.9880105041466
741	548	ranked_548.pdb_clean	2281.814126760746
742	758	ranked_758.pdb_clean	2283.2994420684327
743	811	ranked_811.pdb_clean	2285.171150345508
744	785	ranked_785.pdb_clean	2287.673305170651
745	566	ranked_566.pdb_clean	2290.3831846658277
746	727	ranked_727.pdb_clean	2294.129193576029
747	870	ranked_870.pdb_clean	2295.1538562297715
748	538	ranked_538.pdb_clean	2297.790546405415
749	323	ranked_323.pdb_clean	2298.163657687975
750	383	ranked_383.pdb_clean	2298.2367825179713
751	504	ranked_504.pdb_clean	2299.4869789564827
752	422	ranked_422.pdb_clean	2302.034595587936
753	915	ranked_915.pdb_clean	2314.7628998524715
754	936	ranked_936.pdb_clean	2315.838313404064
755	488	ranked_488.pdb_clean	2316.6579172222987
756	832	ranked_832.pdb_clean	2317.1483111766925
757	943	ranked_943.pdb_clean	2325.50747119151
758	860	ranked_860.pdb_clean	2341.2647001593855
759	786	ranked_786.pdb_clean	2351.8287396165397
760	516	ranked_516.pdb_clean	2352.3079119688005
761	321	ranked_321.pdb_clean	2353.4435791408564
762	479	ranked_479.pdb_clean	2357.853118683292
763	956	ranked_956.pdb_clean	2358.80781948446
764	950	ranked_950.pdb_clean	2359.4191092440897
765	565	ranked_565.pdb_clean	2363.383673616223
766	737	ranked_737.pdb_clean	2365.649455987363
767	549	ranked_549.pdb_clean	2366.437939417815
768	708	ranked_708.pdb_clean	2370.7645324678424
769	654	ranked_654.pdb_clean	2372.5557839405824
770	466	ranked_466.pdb_clean	2376.3821633537723
771	661	ranked_661.pdb_clean	2380.3537278052077
772	732	ranked_732.pdb_clean	2385.4750466758337
773	649	ranked_649.pdb_clean	2390.713086564223
774	819	ranked_819.pdb_clean	2394.1277461594163
775	969	ranked_969.pdb_clean	2405.1762157477547
776	944	ranked_944.pdb_clean	2412.609297213508
777	465	ranked_465.pdb_clean	2415.8766786042966
778	802	ranked_802.pdb_clean	2418.792930207732
779	965	ranked_965.pdb_clean	2420.029599931433
780	433	ranked_433.pdb_clean	2424.3459428531164
781	729	ranked_729.pdb_clean	2443.049136099264
782	961	ranked_961.pdb_clean	2445.63330878762
783	340	ranked_340.pdb_clean	2453.935320355687
784	990	ranked_990.pdb_clean	2460.455730068743
785	983	ranked_983.pdb_clean	2462.6637782985417
786	429	ranked_429.pdb_clean	2464.4378376485447
787	497	ranked_497.pdb_clean	2473.65527745542
788	443	ranked_443.pdb_clean	2475.451777390737
789	726	ranked_726.pdb_clean	2483.971560736818
790	236	ranked_236.pdb_clean	2487.790031460449
791	954	ranked_954.pdb_clean	2502.380019886431
792	562	ranked_562.pdb_clean	2504.2456609522324
793	248	ranked_248.pdb_clean	2505.468085591718
794	835	ranked_835.pdb_clean	2507.2229642808156
795	453	ranked_453.pdb_clean	2513.583731125019
796	298	ranked_298.pdb_clean	2517.9692055257997
797	675	ranked_675.pdb_clean	2523.4872678143
798	539	ranked_539.pdb_clean	2525.9654122867573
799	374	ranked_374.pdb_clean	2527.4879229719763
800	630	ranked_630.pdb_clean	2529.3335041133514
801	304	ranked_304.pdb_clean	2547.3477939689637
802	861	ranked_861.pdb_clean	2558.74902479248
803	756	ranked_756.pdb_clean	2559.9658202953274
804	371	ranked_371.pdb_clean	2563.5877595236825
805	999	ranked_999.pdb_clean	2573.9497698097566
806	558	ranked_558.pdb_clean	2578.1153089091586
807	322	ranked_322.pdb_clean	2579.6495847719975
808	653	ranked_653.pdb_clean	2580.753463224339
809	848	ranked_848.pdb_clean	2585.0755878132913
810	534	ranked_534.pdb_clean	2593.623760831045
811	357	ranked_357.pdb_clean	2607.1348948829204
812	927	ranked_927.pdb_clean	2617.4968639195586
813	616	ranked_616.pdb_clean	2626.6397639031516
814	877	ranked_877.pdb_clean	2632.339181308802
815	996	ranked_996.pdb_clean	2643.169997412579
816	840	ranked_840.pdb_clean	2649.803276738935
817	911	ranked_911.pdb_clean	2659.548320503843
818	905	ranked_905.pdb_clean	2660.2434153498875
819	314	ranked_314.pdb_clean	2662.472186516613
820	735	ranked_735.pdb_clean	2665.643138708557
821	665	ranked_665.pdb_clean	2679.6351772871812
822	929	ranked_929.pdb_clean	2682.111017858345
823	394	ranked_394.pdb_clean	2690.2501735170295
824	808	ranked_808.pdb_clean	2691.5618151349713
825	336	ranked_336.pdb_clean	2700.4296683160587
826	163	ranked_163.pdb_clean	2728.87314393197
827	572	ranked_572.pdb_clean	2753.7674619488107
828	500	ranked_500.pdb_clean	2757.653215404867
829	780	ranked_780.pdb_clean	2777.888688527213
830	939	ranked_939.pdb_clean	2779.2299012181834
831	887	ranked_887.pdb_clean	2789.756892213924
832	894	ranked_894.pdb_clean	2800.6739705936843
833	736	ranked_736.pdb_clean	2856.8459535600705
834	683	ranked_683.pdb_clean	2879.5980430026802
835	652	ranked_652.pdb_clean	2890.9814517131913
836	663	ranked_663.pdb_clean	2896.5241790236273
837	769	ranked_769.pdb_clean	2905.0742939624065
838	378	ranked_378.pdb_clean	2913.4893746607845
839	351	ranked_351.pdb_clean	2927.0870904915205
840	831	ranked_831.pdb_clean	2932.5141081486645
841	417	ranked_417.pdb_clean	2944.0727904534397
842	591	ranked_591.pdb_clean	2950.6771437804837
843	757	ranked_757.pdb_clean	2956.9082279295844
844	962	ranked_962.pdb_clean	2970.386190222516
845	577	ranked_577.pdb_clean	2976.9205658736846
846	833	ranked_833.pdb_clean	2979.971904367111
847	982	ranked_982.pdb_clean	2990.786552972828
848	837	ranked_837.pdb_clean	2996.529554556662
849	901	ranked_901.pdb_clean	3002.4382025088776
850	331	ranked_331.pdb_clean	3026.9219587953094
851	688	ranked_688.pdb_clean	3064.0566820059425
852	587	ranked_587.pdb_clean	3074.3963770912906
853	995	ranked_995.pdb_clean	3079.595783397584
854	618	ranked_618.pdb_clean	3090.3315653068316
855	712	ranked_712.pdb_clean	3138.9413450782954
856	844	ranked_844.pdb_clean	3141.0987414810475
857	676	ranked_676.pdb_clean	3147.4178712422217
858	589	ranked_589.pdb_clean	3148.9616199076318
859	574	ranked_574.pdb_clean	3164.027683115386
860	570	ranked_570.pdb_clean	3178.8529981834777
861	934	ranked_934.pdb_clean	3180.85821681141
862	885	ranked_885.pdb_clean	3193.787703148413
863	575	ranked_575.pdb_clean	3194.859052559932
864	639	ranked_639.pdb_clean	3196.6657189196326
865	773	ranked_773.pdb_clean	3215.964134493885
866	925	ranked_925.pdb_clean	3224.7145098207634
867	658	ranked_658.pdb_clean	3232.768132090668
868	977	ranked_977.pdb_clean	3276.738281342144
869	311	ranked_311.pdb_clean	3279.042540040856
870	891	ranked_891.pdb_clean	3284.82368069201
871	667	ranked_667.pdb_clean	3316.40163937437
872	526	ranked_526.pdb_clean	3325.7656961162766
873	908	ranked_908.pdb_clean	3340.1266603997155
874	994	ranked_994.pdb_clean	3354.2927008107827
875	973	ranked_973.pdb_clean	3363.2980926815094
876	997	ranked_997.pdb_clean	3402.4694923305183
877	747	ranked_747.pdb_clean	3428.5170490066002
878	491	ranked_491.pdb_clean	3449.038431243945
879	981	ranked_981.pdb_clean	3449.508751974868
880	978	ranked_978.pdb_clean	3471.9926876401814
881	428	ranked_428.pdb_clean	3480.1877183330016
882	313	ranked_313.pdb_clean	3482.9527210495544
883	975	ranked_975.pdb_clean	3531.6140484677294
884	801	ranked_801.pdb_clean	3537.321536923788
885	697	ranked_697.pdb_clean	3537.584248778851
886	953	ranked_953.pdb_clean	3559.8974356179297
887	668	ranked_668.pdb_clean	3620.2133187339296
888	924	ranked_924.pdb_clean	3657.0034681741195
889	884	ranked_884.pdb_clean	3686.2922479775098
890	498	ranked_498.pdb_clean	3705.063847848405
891	903	ranked_903.pdb_clean	3711.7284648235473
892	926	ranked_926.pdb_clean	3724.9602793092035
893	360	ranked_360.pdb_clean	3725.1212646326007
894	868	ranked_868.pdb_clean	3765.691753755195
895	759	ranked_759.pdb_clean	3774.6682696196776
896	928	ranked_928.pdb_clean	3802.278314067118
897	573	ranked_573.pdb_clean	3809.755823213651
898	895	ranked_895.pdb_clean	3826.2251128520256
899	849	ranked_849.pdb_clean	3849.621230730045
900	407	ranked_407.pdb_clean	3857.7507687004263
901	345	ranked_345.pdb_clean	3876.3546798452476
902	677	ranked_677.pdb_clean	3912.9330669004407
903	678	ranked_678.pdb_clean	3920.284173179334
904	699	ranked_699.pdb_clean	3931.4383037172674
905	702	ranked_702.pdb_clean	3985.740861092232
906	775	ranked_775.pdb_clean	4044.078975276434
907	738	ranked_738.pdb_clean	4080.425242694525
908	706	ranked_706.pdb_clean	4081.0508957762404
909	629	ranked_629.pdb_clean	4096.854688071619
910	542	ranked_542.pdb_clean	4098.318111711336
911	763	ranked_763.pdb_clean	4107.300496631354
912	984	ranked_984.pdb_clean	4111.7912219974105
913	684	ranked_684.pdb_clean	4114.159395393002
914	692	ranked_692.pdb_clean	4119.0307587047355
915	501	ranked_501.pdb_clean	4122.1922828023025
916	920	ranked_920.pdb_clean	4133.320764591681
917	647	ranked_647.pdb_clean	4135.333468253518
918	974	ranked_974.pdb_clean	4139.904562571496
919	963	ranked_963.pdb_clean	4159.596643266578
920	696	ranked_696.pdb_clean	4172.877433216812
921	728	ranked_728.pdb_clean	4214.275292323798
922	536	ranked_536.pdb_clean	4235.922507695872
923	680	ranked_680.pdb_clean	4262.53460619916
924	933	ranked_933.pdb_clean	4332.843759086579
925	739	ranked_739.pdb_clean	4342.895260592589
926	980	ranked_980.pdb_clean	4345.255607193405
927	866	ranked_866.pdb_clean	4352.198480798983
928	463	ranked_463.pdb_clean	4423.12006597354
929	778	ranked_778.pdb_clean	4439.406623625556
930	949	ranked_949.pdb_clean	4441.310438384156
931	709	ranked_709.pdb_clean	4446.951414601947
932	964	ranked_964.pdb_clean	4480.1871391470995
933	760	ranked_760.pdb_clean	4532.002042071371
934	742	ranked_742.pdb_clean	4538.568344086724
935	606	ranked_606.pdb_clean	4578.001773303615
936	932	ranked_932.pdb_clean	4602.060877791962
937	985	ranked_985.pdb_clean	4608.0589502686025
938	817	ranked_817.pdb_clean	4628.341719244267
939	560	ranked_560.pdb_clean	4675.193155985118
940	991	ranked_991.pdb_clean	4697.631639929543
941	917	ranked_917.pdb_clean	4723.300034150815
942	694	ranked_694.pdb_clean	4761.643828131942
943	841	ranked_841.pdb_clean	4780.297330192417
944	750	ranked_750.pdb_clean	4793.221705018372
945	897	ranked_897.pdb_clean	4829.173407657529
946	781	ranked_781.pdb_clean	4835.397804908319
947	713	ranked_713.pdb_clean	4837.337007345848
948	682	ranked_682.pdb_clean	4862.480658193408
949	638	ranked_638.pdb_clean	4877.409983517556
950	691	ranked_691.pdb_clean	4890.150815494506
951	942	ranked_942.pdb_clean	4891.381092060671
952	882	ranked_882.pdb_clean	4924.617900958128
953	765	ranked_765.pdb_clean	4948.238099921216
954	863	ranked_863.pdb_clean	4984.783765046379
955	685	ranked_685.pdb_clean	5025.300303900792
956	698	ranked_698.pdb_clean	5031.407025509704
957	746	ranked_746.pdb_clean	5039.510471501855
958	681	ranked_681.pdb_clean	5089.206773049753
959	989	ranked_989.pdb_clean	5091.072878029057
960	755	ranked_755.pdb_clean	5102.610892945417
961	799	ranked_799.pdb_clean	5143.159524438028
962	789	ranked_789.pdb_clean	5159.737015777452
963	815	ranked_815.pdb_clean	5199.467570839485
964	922	ranked_922.pdb_clean	5208.531355583366
965	777	ranked_777.pdb_clean	5228.990537663391
966	754	ranked_754.pdb_clean	5232.163954954375
967	734	ranked_734.pdb_clean	5250.967027499109
968	916	ranked_916.pdb_clean	5279.540126855287
969	719	ranked_719.pdb_clean	5338.919783398906
970	740	ranked_740.pdb_clean	5425.663977458927
971	766	ranked_766.pdb_clean	5433.713771390284
972	731	ranked_731.pdb_clean	5434.44156645373
973	762	ranked_762.pdb_clean	5446.929051516425
974	745	ranked_745.pdb_clean	5470.574471638763
975	771	ranked_771.pdb_clean	5501.210505632453
976	937	ranked_937.pdb_clean	5517.575570297298
977	843	ranked_843.pdb_clean	5538.099524249296
978	794	ranked_794.pdb_clean	5561.466898384778
979	767	ranked_767.pdb_clean	5569.564227512411
980	782	ranked_782.pdb_clean	5601.26347558095
981	803	ranked_803.pdb_clean	5646.578337218056
982	770	ranked_770.pdb_clean	5651.875768950194
983	804	ranked_804.pdb_clean	5753.444235541843
984	828	ranked_828.pdb_clean	5822.090963189805
985	893	ranked_893.pdb_clean	5852.114296072864
986	788	ranked_788.pdb_clean	5888.767263416846
987	752	ranked_752.pdb_clean	5911.281862255744
988	967	ranked_967.pdb_clean	5962.270653497722
989	898	ranked_898.pdb_clean	5993.2241771054605
990	744	ranked_744.pdb_clean	6064.978832596827
991	612	ranked_612.pdb_clean	7872.033816781774
992	623	ranked_623.pdb_clean	8433.820217429367
993	945	ranked_945.pdb_clean	8467.794671167245
994	791	ranked_791.pdb_clean	9806.54863606897
995	686	ranked_686.pdb_clean	10039.229081521557
996	592	ranked_592.pdb_clean	12192.123913216625
997	701	ranked_701.pdb_clean	12247.673467871029
998	644	ranked_644.pdb_clean	12391.598540798568
999	888	ranked_888.pdb_clean	13960.925385157932
