,CSV Name,Prediction Value,AlphaRank
246,ranked_414.csv,0.4558654725551605,414
330,ranked_457.csv,0.44110193848609924,457
118,ranked_304.csv,0.4389602839946747,304
573,ranked_334.csv,0.40963074564933777,334
841,ranked_353.csv,0.4046795666217804,353
917,ranked_227.csv,0.4020654261112213,227
176,ranked_166.csv,0.3977425694465637,166
103,ranked_492.csv,0.3973868787288666,492
937,ranked_264.csv,0.3938767611980438,264
279,ranked_394.csv,0.3873099982738495,394
326,ranked_447.csv,0.3791171908378601,447
570,ranked_412.csv,0.3775646686553955,412
255,ranked_450.csv,0.3761177361011505,450
336,ranked_776.csv,0.37496355175971985,776
231,ranked_600.csv,0.37425628304481506,600
630,ranked_693.csv,0.36985814571380615,693
552,ranked_401.csv,0.3685044050216675,401
737,ranked_396.csv,0.3675658702850342,396
883,ranked_388.csv,0.3622702658176422,388
2,ranked_704.csv,0.36124956607818604,704
104,ranked_742.csv,0.36093148589134216,742
434,ranked_721.csv,0.3605223000049591,721
978,ranked_752.csv,0.3596836030483246,752
59,ranked_668.csv,0.35897397994995117,668
298,ranked_803.csv,0.3582957088947296,803
629,ranked_837.csv,0.3576447367668152,837
207,ranked_583.csv,0.35564813017845154,583
857,ranked_701.csv,0.3546803295612335,701
3,ranked_653.csv,0.35452041029930115,653
334,ranked_684.csv,0.35447579622268677,684
87,ranked_728.csv,0.3526768684387207,728
571,ranked_649.csv,0.35173341631889343,649
101,ranked_677.csv,0.35095328092575073,677
523,ranked_775.csv,0.3496944010257721,775
108,ranked_426.csv,0.3473981022834778,426
99,ranked_731.csv,0.34697380661964417,731
784,ranked_711.csv,0.3458128571510315,711
467,ranked_771.csv,0.3450896143913269,771
527,ranked_811.csv,0.34444257616996765,811
505,ranked_810.csv,0.34306079149246216,810
209,ranked_694.csv,0.3430333137512207,694
161,ranked_389.csv,0.34213340282440186,389
187,ranked_634.csv,0.34142181277275085,634
719,ranked_663.csv,0.3412697911262512,663
665,ranked_679.csv,0.3392849266529083,679
613,ranked_657.csv,0.33859777450561523,657
418,ranked_767.csv,0.3378618061542511,767
112,ranked_712.csv,0.33736860752105713,712
633,ranked_789.csv,0.3372434675693512,789
142,ranked_735.csv,0.3369336426258087,735
102,ranked_637.csv,0.3362804055213928,637
904,ranked_719.csv,0.33362752199172974,719
257,ranked_670.csv,0.3312857449054718,670
869,ranked_573.csv,0.33104148507118225,573
776,ranked_781.csv,0.32989388704299927,781
483,ranked_733.csv,0.3295997083187103,733
432,ranked_445.csv,0.32941362261772156,445
572,ranked_674.csv,0.32854849100112915,674
600,ranked_512.csv,0.32686999440193176,512
622,ranked_521.csv,0.32580918073654175,521
405,ranked_685.csv,0.32546111941337585,685
178,ranked_640.csv,0.3230394124984741,640
41,ranked_765.csv,0.3222857713699341,765
132,ranked_709.csv,0.32133588194847107,709
485,ranked_513.csv,0.3210991322994232,513
18,ranked_697.csv,0.32075235247612,697
345,ranked_381.csv,0.31916505098342896,381
645,ranked_770.csv,0.3186734914779663,770
23,ranked_543.csv,0.3182717561721802,543
606,ranked_760.csv,0.31779900193214417,760
441,ranked_537.csv,0.31552237272262573,537
899,ranked_589.csv,0.3152730166912079,589
647,ranked_578.csv,0.3146672248840332,578
709,ranked_611.csv,0.3140372931957245,611
52,ranked_727.csv,0.31311243772506714,727
658,ranked_497.csv,0.313053697347641,497
252,ranked_622.csv,0.3129967749118805,622
801,ranked_683.csv,0.3124646246433258,683
259,ranked_762.csv,0.31160205602645874,762
607,ranked_650.csv,0.31025615334510803,650
221,ranked_548.csv,0.3101021945476532,548
324,ranked_758.csv,0.309891939163208,758
297,ranked_607.csv,0.3098497688770294,607
329,ranked_585.csv,0.30955278873443604,585
409,ranked_739.csv,0.3092998266220093,739
283,ranked_562.csv,0.3085404336452484,562
791,ranked_598.csv,0.30765780806541443,598
960,ranked_744.csv,0.3064996302127838,744
320,ranked_516.csv,0.3064725399017334,516
966,ranked_749.csv,0.3042108416557312,749
786,ranked_475.csv,0.3040664792060852,475
663,ranked_732.csv,0.30349788069725037,732
456,ranked_501.csv,0.3030853271484375,501
68,ranked_998.csv,0.3008155822753906,998
272,ranked_989.csv,0.2997373640537262,989
113,ranked_689.csv,0.2994813323020935,689
906,ranked_491.csv,0.29920798540115356,491
86,ranked_498.csv,0.2984379827976227,498
335,ranked_520.csv,0.29823753237724304,520
254,ranked_990.csv,0.297376811504364,990
705,ranked_755.csv,0.2953585088253021,755
389,ranked_606.csv,0.2950996160507202,606
398,ranked_507.csv,0.2948685586452484,507
797,ranked_533.csv,0.29472360014915466,533
348,ranked_592.csv,0.293993204832077,592
369,ranked_372.csv,0.29336094856262207,372
19,ranked_527.csv,0.2922152280807495,527
859,ranked_557.csv,0.29215726256370544,557
551,ranked_992.csv,0.2913728654384613,992
836,ranked_508.csv,0.2912113666534424,508
119,ranked_596.csv,0.290792852640152,596
764,ranked_464.csv,0.2883242964744568,464
93,ranked_769.csv,0.28655126690864563,769
672,ranked_555.csv,0.28492140769958496,555
936,ranked_386.csv,0.2847963869571686,386
680,ranked_980.csv,0.2840706408023834,980
293,ranked_547.csv,0.283649206161499,547
805,ranked_465.csv,0.28329014778137207,465
227,ranked_559.csv,0.2804374694824219,559
228,ranked_676.csv,0.2778308391571045,676
365,ranked_446.csv,0.276530921459198,446
373,ranked_994.csv,0.2760878801345825,994
808,ranked_463.csv,0.2749617397785187,463
177,ranked_538.csv,0.2746441960334778,538
306,ranked_540.csv,0.2746207118034363,540
840,ranked_614.csv,0.27309414744377136,614
612,ranked_978.csv,0.2727660834789276,978
738,ranked_454.csv,0.27269935607910156,454
653,ranked_430.csv,0.27252858877182007,430
305,ranked_524.csv,0.2709727883338928,524
294,ranked_479.csv,0.2684198319911957,479
42,ranked_528.csv,0.2684084475040436,528
10,ranked_545.csv,0.2675873935222626,545
493,ranked_510.csv,0.26584598422050476,510
37,ranked_526.csv,0.2653596103191376,526
506,ranked_553.csv,0.26405999064445496,553
733,ranked_659.csv,0.26356083154678345,659
92,ranked_747.csv,0.2574301064014435,747
419,ranked_532.csv,0.25684866309165955,532
146,ranked_754.csv,0.2549790143966675,754
213,ranked_182.csv,0.2544699013233185,182
140,ranked_494.csv,0.2542172372341156,494
897,ranked_385.csv,0.2539057731628418,385
312,ranked_369.csv,0.25155872106552124,369
964,ranked_481.csv,0.25066787004470825,481
707,ranked_398.csv,0.24983687698841095,398
526,ranked_424.csv,0.2494448721408844,424
700,ranked_486.csv,0.249030202627182,486
928,ranked_358.csv,0.24900119006633759,358
578,ranked_437.csv,0.24861064553260803,437
918,ranked_726.csv,0.2485131025314331,726
538,ranked_474.csv,0.2484913319349289,474
740,ranked_370.csv,0.2472480684518814,370
866,ranked_420.csv,0.2465771585702896,420
559,ranked_343.csv,0.24577611684799194,343
141,ranked_345.csv,0.2457752823829651,345
546,ranked_361.csv,0.24572056531906128,361
241,ranked_466.csv,0.24561817944049835,466
587,ranked_484.csv,0.2456035614013672,484
156,ranked_348.csv,0.24484625458717346,348
850,ranked_393.csv,0.24467742443084717,393
359,ranked_436.csv,0.24412187933921814,436
652,ranked_288.csv,0.2438441812992096,288
655,ranked_395.csv,0.243738055229187,395
574,ranked_473.csv,0.24362383782863617,473
843,ranked_514.csv,0.24324418604373932,514
55,ranked_476.csv,0.24295589327812195,476
376,ranked_157.csv,0.24277745187282562,157
718,ranked_443.csv,0.2426988035440445,443
243,ranked_468.csv,0.24248693883419037,468
659,ranked_713.csv,0.2412491887807846,713
758,ranked_504.csv,0.241242453455925,504
372,ranked_139.csv,0.24080097675323486,139
162,ranked_503.csv,0.24076470732688904,503
386,ranked_257.csv,0.24035951495170593,257
704,ranked_302.csv,0.23994922637939453,302
186,ranked_287.csv,0.2398296296596527,287
168,ranked_326.csv,0.23981770873069763,326
247,ranked_478.csv,0.23962369561195374,478
702,ranked_451.csv,0.23932845890522003,451
381,ranked_588.csv,0.23901313543319702,588
800,ranked_303.csv,0.23888465762138367,303
70,ranked_423.csv,0.23848898708820343,423
339,ranked_461.csv,0.23842118680477142,461
469,ranked_375.csv,0.23797278106212616,375
941,ranked_259.csv,0.23750853538513184,259
225,ranked_455.csv,0.23712597787380219,455
396,ranked_107.csv,0.2369030863046646,107
439,ranked_613.csv,0.2367665022611618,613
147,ranked_96.csv,0.23663651943206787,96
942,ranked_431.csv,0.23654629290103912,431
313,ranked_297.csv,0.23575067520141602,297
426,ranked_341.csv,0.23570063710212708,341
321,ranked_460.csv,0.23562677204608917,460
727,ranked_387.csv,0.23528017103672028,387
190,ranked_120.csv,0.2351655811071396,120
967,ranked_245.csv,0.2350517362356186,245
332,ranked_103.csv,0.23500549793243408,103
782,ranked_54.csv,0.23487406969070435,54
688,ranked_223.csv,0.2346092015504837,223
282,ranked_191.csv,0.23434583842754364,191
91,ranked_229.csv,0.23406606912612915,229
877,ranked_278.csv,0.2340557724237442,278
828,ranked_621.csv,0.23391084372997284,621
586,ranked_502.csv,0.233779639005661,502
528,ranked_110.csv,0.23325392603874207,110
544,ranked_211.csv,0.23322749137878418,211
110,ranked_489.csv,0.23295505344867706,489
258,ranked_98.csv,0.23195573687553406,98
250,ranked_210.csv,0.23166817426681519,210
421,ranked_158.csv,0.23106303811073303,158
889,ranked_296.csv,0.23093722760677338,296
602,ranked_741.csv,0.23076726496219635,741
236,ranked_162.csv,0.23024189472198486,162
440,ranked_675.csv,0.2301105260848999,675
554,ranked_60.csv,0.2299884408712387,60
171,ranked_505.csv,0.22989970445632935,505
500,ranked_453.csv,0.22920790314674377,453
605,ranked_483.csv,0.22916486859321594,483
114,ranked_487.csv,0.22905544936656952,487
315,ranked_101.csv,0.2290513515472412,101
169,ranked_568.csv,0.22879217565059662,568
150,ranked_200.csv,0.2284933626651764,200
285,ranked_605.csv,0.22819261252880096,605
851,ranked_703.csv,0.22811521589756012,703
662,ranked_252.csv,0.22731180489063263,252
235,ranked_439.csv,0.22723069787025452,439
165,ranked_664.csv,0.22711090743541718,664
475,ranked_360.csv,0.22675549983978271,360
728,ranked_442.csv,0.22656121850013733,442
783,ranked_778.csv,0.22580531239509583,778
158,ranked_576.csv,0.2256915420293808,576
980,ranked_569.csv,0.2256058007478714,569
143,ranked_525.csv,0.2253788262605667,525
498,ranked_298.csv,0.22494789958000183,298
930,ranked_419.csv,0.22479930520057678,419
133,ranked_231.csv,0.22469590604305267,231
357,ranked_467.csv,0.22468650341033936,467
479,ranked_253.csv,0.22456322610378265,253
691,ranked_92.csv,0.22420327365398407,92
682,ranked_737.csv,0.22419112920761108,737
9,ranked_359.csv,0.22416329383850098,359
179,ranked_695.csv,0.22386357188224792,695
343,ranked_542.csv,0.22373715043067932,542
953,ranked_432.csv,0.22368969023227692,432
79,ranked_619.csv,0.22290369868278503,619
948,ranked_602.csv,0.22239266335964203,602
619,ranked_644.csv,0.2223915010690689,644
683,ranked_58.csv,0.22216849029064178,58
296,ranked_720.csv,0.22181744873523712,720
490,ranked_258.csv,0.22138947248458862,258
210,ranked_518.csv,0.22109587490558624,518
238,ranked_61.csv,0.22107954323291779,61
444,ranked_406.csv,0.2210443615913391,406
166,ranked_471.csv,0.22074155509471893,471
576,ranked_362.csv,0.21998685598373413,362
481,ranked_459.csv,0.21958301961421967,459
804,ranked_642.csv,0.21956808865070343,642
464,ranked_575.csv,0.21948227286338806,575
712,ranked_535.csv,0.21948079764842987,535
838,ranked_452.csv,0.21930459141731262,452
337,ranked_111.csv,0.21895486116409302,111
931,ranked_710.csv,0.21878789365291595,710
159,ranked_189.csv,0.21873052418231964,189
152,ranked_309.csv,0.2181723266839981,309
107,ranked_131.csv,0.21777614951133728,131
174,ranked_269.csv,0.2177382856607437,269
428,ranked_506.csv,0.2174173891544342,506
495,ranked_724.csv,0.2173403799533844,724
971,ranked_383.csv,0.2173054963350296,383
693,ranked_165.csv,0.2171030044555664,165
38,ranked_702.csv,0.21686315536499023,702
145,ranked_490.csv,0.2167268693447113,490
789,ranked_681.csv,0.21583330631256104,681
955,ranked_68.csv,0.21572484076023102,68
621,ranked_116.csv,0.21567164361476898,116
24,ranked_698.csv,0.21535594761371613,698
157,ranked_550.csv,0.21520432829856873,550
116,ranked_277.csv,0.21432505548000336,277
388,ranked_482.csv,0.21359959244728088,482
242,ranked_180.csv,0.2133929282426834,180
183,ranked_219.csv,0.21312037110328674,219
888,ranked_226.csv,0.21243207156658173,226
508,ranked_282.csv,0.2123400717973709,282
907,ranked_327.csv,0.21182389557361603,327
382,ranked_656.csv,0.2114357054233551,656
384,ranked_458.csv,0.2111097127199173,458
4,ranked_377.csv,0.21056023240089417,377
999,ranked_323.csv,0.2103673815727234,323
437,ranked_496.csv,0.2103210985660553,496
88,ranked_378.csv,0.20959626138210297,378
846,ranked_647.csv,0.20952698588371277,647
514,ranked_201.csv,0.20926377177238464,201
750,ranked_608.csv,0.20891335606575012,608
274,ranked_350.csv,0.2088545560836792,350
826,ranked_628.csv,0.2075853943824768,628
696,ranked_580.csv,0.2071230411529541,580
638,ranked_582.csv,0.2070319652557373,582
990,ranked_515.csv,0.20692574977874756,515
295,ranked_648.csv,0.2067747563123703,648
268,ranked_449.csv,0.20657289028167725,449
996,ranked_470.csv,0.20640605688095093,470
435,ranked_591.csv,0.20634429156780243,591
649,ranked_7.csv,0.20629730820655823,7
895,ranked_536.csv,0.20568419992923737,536
496,ranked_529.csv,0.20541372895240784,529
615,ranked_462.csv,0.2036481350660324,462
779,ranked_759.csv,0.20351344347000122,759
777,ranked_234.csv,0.2028307467699051,234
666,ranked_357.csv,0.20233125984668732,357
400,ranked_52.csv,0.20202986896038055,52
84,ranked_651.csv,0.20202404260635376,651
0,ranked_546.csv,0.20169080793857574,546
94,ranked_433.csv,0.20155039429664612,433
153,ranked_544.csv,0.20118984580039978,544
518,ranked_635.csv,0.2010972499847412,635
748,ranked_751.csv,0.20046676695346832,751
478,ranked_552.csv,0.20032787322998047,552
64,ranked_488.csv,0.2003009021282196,488
270,ranked_716.csv,0.20010724663734436,716
492,ranked_626.csv,0.19985464215278625,626
14,ranked_551.csv,0.19959568977355957,551
472,ranked_609.csv,0.19946569204330444,609
148,ranked_616.csv,0.19938170909881592,616
277,ranked_469.csv,0.1991076022386551,469
979,ranked_400.csv,0.19858179986476898,400
40,ranked_743.csv,0.19850678741931915,743
47,ranked_517.csv,0.1984127163887024,517
48,ranked_563.csv,0.19841216504573822,563
76,ranked_499.csv,0.197684645652771,499
288,ranked_630.csv,0.19754597544670105,630
697,ranked_620.csv,0.19751963019371033,620
455,ranked_541.csv,0.19744232296943665,541
488,ranked_818.csv,0.19739586114883423,818
898,ranked_397.csv,0.19730040431022644,397
461,ranked_665.csv,0.19694216549396515,665
65,ranked_511.csv,0.19682809710502625,511
876,ranked_678.csv,0.1966305673122406,678
762,ranked_688.csv,0.19653160870075226,688
596,ranked_666.csv,0.19636765122413635,666
513,ranked_577.csv,0.19596098363399506,577
716,ranked_570.csv,0.19579409062862396,570
542,ranked_645.csv,0.19558455049991608,645
378,ranked_554.csv,0.19535841047763824,554
713,ranked_539.csv,0.19516624510288239,539
768,ranked_480.csv,0.19512227177619934,480
670,ranked_875.csv,0.1946810632944107,875
943,ranked_610.csv,0.19421499967575073,610
940,ranked_48.csv,0.19420982897281647,48
134,ranked_975.csv,0.19386883080005646,975
226,ranked_691.csv,0.19364047050476074,691
539,ranked_672.csv,0.1933480203151703,672
44,ranked_756.csv,0.19320771098136902,756
416,ranked_564.csv,0.19311916828155518,564
237,ranked_641.csv,0.19307531416416168,641
251,ranked_638.csv,0.19269277155399323,638
354,ranked_379.csv,0.19256797432899475,379
961,ranked_444.csv,0.1920960247516632,444
920,ranked_567.csv,0.19195573031902313,567
815,ranked_561.csv,0.19191481173038483,561
646,ranked_686.csv,0.19123239815235138,686
302,ranked_571.csv,0.19070281088352203,571
865,ranked_599.csv,0.19018779695034027,599
120,ranked_584.csv,0.19014108180999756,584
710,ranked_661.csv,0.1898874044418335,661
995,ranked_662.csv,0.18962249159812927,662
722,ranked_66.csv,0.18896642327308655,66
893,ranked_999.csv,0.188802570104599,999
744,ranked_867.csv,0.1886884719133377,867
366,ranked_725.csv,0.18860355019569397,725
994,ranked_612.csv,0.18851587176322937,612
61,ranked_522.csv,0.18814347684383392,522
827,ranked_534.csv,0.18812060356140137,534
358,ranked_763.csv,0.18778666853904724,763
677,ranked_22.csv,0.18768362700939178,22
852,ranked_699.csv,0.187200665473938,699
338,ranked_558.csv,0.1863594800233841,558
521,ranked_590.csv,0.18591517210006714,590
131,ranked_581.csv,0.1857331544160843,581
847,ranked_509.csv,0.1857021600008011,509
915,ranked_707.csv,0.18527434766292572,707
803,ranked_855.csv,0.18443286418914795,855
438,ranked_997.csv,0.18418164551258087,997
425,ranked_294.csv,0.18412762880325317,294
129,ranked_422.csv,0.18398086726665497,422
597,ranked_448.csv,0.1838756501674652,448
594,ranked_879.csv,0.1834738403558731,879
371,ranked_597.csv,0.18258264660835266,597
568,ranked_438.csv,0.1820300817489624,438
794,ranked_873.csv,0.18149365484714508,873
397,ranked_604.csv,0.18142244219779968,604
667,ranked_603.csv,0.18133099377155304,603
97,ranked_572.csv,0.1813075691461563,572
664,ranked_986.csv,0.18114081025123596,986
635,ranked_566.csv,0.18085701763629913,566
218,ranked_495.csv,0.1783948391675949,495
155,ranked_135.csv,0.17748188972473145,135
901,ranked_623.csv,0.176371768116951,623
720,ranked_428.csv,0.17594784498214722,428
352,ranked_472.csv,0.17589321732521057,472
11,ranked_671.csv,0.175753653049469,671
260,ranked_629.csv,0.1755407452583313,629
323,ranked_586.csv,0.17500147223472595,586
139,ranked_410.csv,0.1748998463153839,410
26,ranked_988.csv,0.17482993006706238,988
180,ranked_137.csv,0.17470134794712067,137
51,ranked_399.csv,0.1744695007801056,399
486,ranked_983.csv,0.17339491844177246,983
476,ranked_846.csv,0.17337651550769806,846
151,ranked_692.csv,0.17240704596042633,692
443,ranked_456.csv,0.17210042476654053,456
871,ranked_51.csv,0.17193958163261414,51
640,ranked_500.csv,0.17170850932598114,500
618,ranked_289.csv,0.17116346955299377,289
319,ranked_972.csv,0.17108458280563354,972
853,ranked_77.csv,0.1709059774875641,77
881,ranked_266.csv,0.17051053047180176,266
458,ranked_565.csv,0.16979891061782837,565
278,ranked_417.csv,0.16956014931201935,417
824,ranked_870.csv,0.16909106075763702,870
356,ranked_996.csv,0.16892823576927185,996
316,ranked_822.csv,0.16848857700824738,822
503,ranked_519.csv,0.16746459901332855,519
32,ranked_31.csv,0.16726432740688324,31
204,ranked_923.csv,0.1664804220199585,923
1,ranked_931.csv,0.16608946025371552,931
36,ranked_333.csv,0.16517317295074463,333
111,ranked_530.csv,0.16511467099189758,530
202,ranked_617.csv,0.16505807638168335,617
811,ranked_900.csv,0.16475073993206024,900
932,ranked_782.csv,0.16407160460948944,782
450,ranked_862.csv,0.16330868005752563,862
687,ranked_392.csv,0.16326852142810822,392
417,ranked_293.csv,0.1620933711528778,293
634,ranked_140.csv,0.16084295511245728,140
117,ranked_982.csv,0.1604650914669037,982
423,ranked_899.csv,0.16039426624774933,899
908,ranked_493.csv,0.16013167798519135,493
947,ranked_866.csv,0.159482941031456,866
123,ranked_574.csv,0.15939922630786896,574
474,ranked_184.csv,0.1593777984380722,184
395,ranked_374.csv,0.15921320021152496,374
830,ranked_920.csv,0.15912295877933502,920
516,ranked_921.csv,0.15893375873565674,921
511,ranked_9.csv,0.15882234275341034,9
711,ranked_938.csv,0.1585995852947235,938
734,ranked_944.csv,0.15854814648628235,944
43,ranked_413.csv,0.1582607626914978,413
988,ranked_714.csv,0.1580338329076767,714
66,ranked_761.csv,0.15799346566200256,761
164,ranked_122.csv,0.15785828232765198,122
585,ranked_307.csv,0.15774966776371002,307
35,ranked_402.csv,0.15774761140346527,402
706,ranked_774.csv,0.1575985550880432,774
643,ranked_807.csv,0.1575602889060974,807
57,ranked_340.csv,0.1574825793504715,340
885,ranked_924.csv,0.15732118487358093,924
301,ranked_335.csv,0.1573193222284317,335
163,ranked_848.csv,0.15680049359798431,848
95,ranked_788.csv,0.15657246112823486,788
891,ranked_308.csv,0.1563718616962433,308
391,ranked_809.csv,0.156175434589386,809
360,ranked_913.csv,0.15591557323932648,913
375,ranked_915.csv,0.15570074319839478,915
632,ranked_797.csv,0.15545767545700073,797
745,ranked_880.csv,0.15509463846683502,880
773,ranked_854.csv,0.15448229014873505,854
222,ranked_939.csv,0.15431828796863556,939
968,ranked_150.csv,0.1542539894580841,150
583,ranked_905.csv,0.15420934557914734,905
821,ranked_874.csv,0.15404833853244781,874
433,ranked_843.csv,0.15403448045253754,843
74,ranked_876.csv,0.1539640873670578,876
746,ranked_263.csv,0.1538579761981964,263
6,ranked_3.csv,0.1536262482404709,3
266,ranked_273.csv,0.15359407663345337,273
512,ranked_884.csv,0.15354779362678528,884
549,ranked_824.csv,0.1534295231103897,824
54,ranked_746.csv,0.1532973051071167,746
367,ranked_222.csv,0.15328402817249298,222
627,ranked_366.csv,0.15242928266525269,366
590,ranked_881.csv,0.15215207636356354,881
85,ranked_427.csv,0.15161246061325073,427
686,ranked_949.csv,0.15113413333892822,949
383,ranked_812.csv,0.15112821757793427,812
325,ranked_937.csv,0.1510770469903946,937
414,ranked_904.csv,0.15100201964378357,904
548,ranked_729.csv,0.1509900838136673,729
555,ranked_485.csv,0.15098915994167328,485
810,ranked_951.csv,0.15097279846668243,951
149,ranked_601.csv,0.15090277791023254,601
264,ranked_952.csv,0.15073610842227936,952
80,ranked_785.csv,0.15067163109779358,785
191,ranked_24.csv,0.15058112144470215,24
755,ranked_839.csv,0.15037646889686584,839
13,ranked_71.csv,0.15031218528747559,71
637,ranked_587.csv,0.15024349093437195,587
584,ranked_25.csv,0.1502356380224228,25
98,ranked_981.csv,0.15020284056663513,981
280,ranked_777.csv,0.14995884895324707,777
245,ranked_331.csv,0.14985865354537964,331
317,ranked_43.csv,0.14979371428489685,43
736,ranked_962.csv,0.14977283775806427,962
721,ranked_889.csv,0.14957472681999207,889
927,ranked_10.csv,0.1493118405342102,10
963,ranked_780.csv,0.14929182827472687,780
577,ranked_531.csv,0.14911751449108124,531
681,ranked_176.csv,0.14905035495758057,176
690,ranked_841.csv,0.14890390634536743,841
601,ranked_75.csv,0.1488180011510849,75
504,ranked_352.csv,0.14865171909332275,352
403,ranked_918.csv,0.14847712218761444,918
923,ranked_823.csv,0.14822176098823547,823
340,ranked_943.csv,0.14821775257587433,943
534,ranked_766.csv,0.14819814264774323,766
798,ranked_832.csv,0.14775030314922333,832
561,ranked_78.csv,0.14760760962963104,78
473,ranked_930.csv,0.14755654335021973,930
685,ranked_440.csv,0.14739735424518585,440
642,ranked_833.csv,0.14735253155231476,833
569,ranked_932.csv,0.1470484733581543,932
263,ranked_188.csv,0.14698225259780884,188
556,ranked_212.csv,0.14696411788463593,212
998,ranked_897.csv,0.14686594903469086,897
641,ranked_119.csv,0.14677707850933075,119
136,ranked_773.csv,0.1465073823928833,773
867,ranked_265.csv,0.14649450778961182,265
138,ranked_123.csv,0.14645062386989594,123
436,ranked_802.csv,0.1464029848575592,802
67,ranked_950.csv,0.14639581739902496,950
463,ranked_390.csv,0.14595811069011688,390
674,ranked_912.csv,0.14592686295509338,912
757,ranked_835.csv,0.1457681804895401,835
517,ranked_955.csv,0.14564836025238037,955
780,ranked_963.csv,0.1456301361322403,963
952,ranked_909.csv,0.14552681148052216,909
671,ranked_849.csv,0.1454095095396042,849
856,ranked_907.csv,0.14523117244243622,907
71,ranked_894.csv,0.14522501826286316,894
921,ranked_88.csv,0.1447782665491104,88
532,ranked_946.csv,0.14470410346984863,946
58,ranked_556.csv,0.1446283906698227,556
946,ranked_418.csv,0.14453938603401184,418
308,ranked_890.csv,0.14438670873641968,890
916,ranked_29.csv,0.14437514543533325,29
127,ranked_973.csv,0.14432814717292786,973
211,ranked_790.csv,0.14427222311496735,790
991,ranked_28.csv,0.14422665536403656,28
833,ranked_893.csv,0.14401987195014954,893
812,ranked_954.csv,0.14381487667560577,954
115,ranked_284.csv,0.14356638491153717,284
924,ranked_186.csv,0.14339688420295715,186
913,ranked_408.csv,0.14337581396102905,408
96,ranked_281.csv,0.1433638334274292,281
502,ranked_89.csv,0.14316236972808838,89
788,ranked_368.csv,0.1431574821472168,368
541,ranked_853.csv,0.14295077323913574,853
864,ranked_382.csv,0.14284908771514893,382
364,ranked_2.csv,0.14280013740062714,2
89,ranked_17.csv,0.14259426295757294,17
172,ranked_238.csv,0.14217710494995117,238
459,ranked_156.csv,0.1415797621011734,156
333,ranked_62.csv,0.1415727585554123,62
368,ranked_67.csv,0.141509011387825,67
545,ranked_247.csv,0.14141954481601715,247
497,ranked_792.csv,0.14126470685005188,792
831,ranked_753.csv,0.14102406799793243,753
977,ranked_936.csv,0.14095838367938995,936
882,ranked_376.csv,0.14093583822250366,376
959,ranked_179.csv,0.140896275639534,179
529,ranked_23.csv,0.14079128205776215,23
346,ranked_825.csv,0.14066779613494873,825
206,ranked_948.csv,0.14037758111953735,948
287,ranked_121.csv,0.1403726190328598,121
879,ranked_318.csv,0.1403394192457199,318
328,ranked_310.csv,0.14029942452907562,310
749,ranked_187.csv,0.14014151692390442,187
910,ranked_764.csv,0.14010262489318848,764
530,ranked_834.csv,0.14009764790534973,834
480,ranked_128.csv,0.1399627923965454,128
806,ranked_324.csv,0.13991323113441467,324
154,ranked_172.csv,0.13987809419631958,172
799,ranked_224.csv,0.13983771204948425,224
233,ranked_321.csv,0.1397446095943451,321
819,ranked_175.csv,0.1396298110485077,175
699,ranked_887.csv,0.13937850296497345,887
692,ranked_864.csv,0.1392422765493393,864
944,ranked_799.csv,0.13920439779758453,799
7,ranked_185.csv,0.1391112506389618,185
922,ranked_145.csv,0.13898418843746185,145
407,ranked_965.csv,0.13884544372558594,965
72,ranked_168.csv,0.13884098827838898,168
754,ranked_195.csv,0.13863196969032288,195
121,ranked_407.csv,0.13855846226215363,407
410,ranked_114.csv,0.13854150474071503,114
589,ranked_124.csv,0.13851942121982574,124
975,ranked_320.csv,0.13813982903957367,320
731,ranked_945.csv,0.13794420659542084,945
732,ranked_717.csv,0.13788868486881256,717
349,ranked_260.csv,0.13782596588134766,260
648,ranked_856.csv,0.13780805468559265,856
823,ranked_857.csv,0.13763202726840973,857
402,ranked_190.csv,0.13759545981884003,190
501,ranked_148.csv,0.13757780194282532,148
451,ranked_821.csv,0.1375482976436615,821
726,ranked_349.csv,0.1375034898519516,349
217,ranked_404.csv,0.13740377128124237,404
970,ranked_715.csv,0.137377068400383,715
802,ranked_896.csv,0.13731920719146729,896
694,ranked_793.csv,0.13713842630386353,793
809,ranked_660.csv,0.13712799549102783,660
747,ranked_947.csv,0.1369999647140503,947
431,ranked_81.csv,0.13693362474441528,81
862,ranked_299.csv,0.13688606023788452,299
31,ranked_966.csv,0.1368495523929596,966
763,ranked_916.csv,0.13682448863983154,916
311,ranked_237.csv,0.13668610155582428,237
598,ranked_979.csv,0.1366303414106369,979
341,ranked_215.csv,0.13661402463912964,215
954,ranked_143.csv,0.13656829297542572,143
981,ranked_144.csv,0.13627304136753082,144
188,ranked_290.csv,0.1362210363149643,290
982,ranked_925.csv,0.13616444170475006,925
929,ranked_272.csv,0.13605165481567383,272
914,ranked_329.csv,0.13587042689323425,329
886,ranked_34.csv,0.13572704792022705,34
660,ranked_337.csv,0.13572388887405396,337
216,ranked_12.csv,0.13568179309368134,12
342,ranked_117.csv,0.1354925036430359,117
15,ranked_859.csv,0.13546711206436157,859
192,ranked_69.csv,0.13545791804790497,69
540,ranked_113.csv,0.13545770943164825,113
844,ranked_301.csv,0.13541555404663086,301
973,ranked_169.csv,0.13538432121276855,169
983,ranked_415.csv,0.13528746366500854,415
868,ranked_261.csv,0.13514278829097748,261
717,ranked_94.csv,0.13496267795562744,94
45,ranked_784.csv,0.13475219905376434,784
477,ranked_267.csv,0.13472282886505127,267
173,ranked_193.csv,0.13452832400798798,193
701,ranked_974.csv,0.1343553513288498,974
46,ranked_477.csv,0.13435335457324982,477
631,ranked_42.csv,0.13418957591056824,42
510,ranked_197.csv,0.13400404155254364,197
471,ranked_328.csv,0.1337154656648636,328
8,ranked_995.csv,0.13353000581264496,995
874,ranked_243.csv,0.13338565826416016,243
887,ranked_339.csv,0.1333487629890442,339
446,ranked_149.csv,0.13324573636054993,149
858,ranked_795.csv,0.133191779255867,795
739,ranked_50.csv,0.13317394256591797,50
394,ranked_106.csv,0.13307514786720276,106
449,ranked_153.csv,0.13294583559036255,153
73,ranked_44.csv,0.13277068734169006,44
741,ranked_99.csv,0.13276910781860352,99
34,ranked_993.csv,0.1326931267976761,993
445,ranked_941.csv,0.1322922706604004,941
595,ranked_136.csv,0.13227903842926025,136
465,ranked_840.csv,0.1322494000196457,840
411,ranked_801.csv,0.13223642110824585,801
536,ranked_892.csv,0.1320408582687378,892
796,ranked_279.csv,0.13203179836273193,279
75,ranked_942.csv,0.13181596994400024,942
872,ranked_295.csv,0.1318119317293167,295
124,ranked_579.csv,0.1317889392375946,579
406,ranked_831.csv,0.13170988857746124,831
609,ranked_901.csv,0.13168440759181976,901
580,ranked_285.csv,0.13168303668498993,285
309,ranked_225.csv,0.1315818727016449,225
291,ranked_987.csv,0.13155122101306915,987
855,ranked_203.csv,0.1315104365348816,203
644,ranked_934.csv,0.13145603239536285,934
553,ranked_354.csv,0.1313982456922531,354
938,ranked_895.csv,0.13122789561748505,895
401,ranked_435.csv,0.13121441006660461,435
5,ranked_968.csv,0.13115669786930084,968
771,ranked_115.csv,0.13105528056621552,115
448,ranked_233.csv,0.13093194365501404,233
327,ranked_57.csv,0.1308925300836563,57
212,ranked_902.csv,0.13086283206939697,902
81,ranked_906.csv,0.130857452750206,906
33,ranked_220.csv,0.13085462152957916,220
535,ranked_242.csv,0.1307263970375061,242
130,ranked_967.csv,0.13061141967773438,967
703,ranked_251.csv,0.13053329288959503,251
399,ranked_255.csv,0.13046619296073914,255
708,ranked_173.csv,0.13035273551940918,173
275,ranked_1.csv,0.1303020566701889,1
307,ranked_380.csv,0.13015049695968628,380
766,ranked_783.csv,0.1300191879272461,783
650,ranked_815.csv,0.12991225719451904,815
105,ranked_100.csv,0.12981805205345154,100
199,ranked_416.csv,0.1297808140516281,416
814,ranked_76.csv,0.12973447144031525,76
900,ranked_633.csv,0.12971818447113037,633
611,ranked_957.csv,0.12971742451190948,957
507,ranked_276.csv,0.12957260012626648,276
651,ranked_391.csv,0.12947462499141693,391
636,ranked_344.csv,0.12941479682922363,344
16,ranked_235.csv,0.12932872772216797,235
807,ranked_312.csv,0.12931495904922485,312
620,ranked_249.csv,0.12903782725334167,249
470,ranked_985.csv,0.12888480722904205,985
281,ranked_167.csv,0.12885096669197083,167
273,ranked_961.csv,0.1284491866827011,961
363,ranked_355.csv,0.12838928401470184,355
684,ranked_891.csv,0.12816576659679413,891
820,ranked_213.csv,0.12816372513771057,213
639,ranked_159.csv,0.12804584205150604,159
770,ranked_371.csv,0.1278136819601059,371
896,ranked_858.csv,0.12776049971580505,858
393,ranked_163.csv,0.12774783372879028,163
229,ranked_403.csv,0.12767352163791656,403
457,ranked_65.csv,0.12758222222328186,65
813,ranked_976.csv,0.12756259739398956,976
533,ranked_216.csv,0.12736883759498596,216
765,ranked_347.csv,0.12710310518741608,347
422,ranked_286.csv,0.12702815234661102,286
976,ranked_441.csv,0.12697520852088928,441
424,ranked_917.csv,0.12697459757328033,917
261,ranked_322.csv,0.12682420015335083,322
818,ranked_977.csv,0.12677925825119019,977
170,ranked_908.csv,0.12671777606010437,908
714,ranked_883.csv,0.12653417885303497,883
350,ranked_363.csv,0.12643897533416748,363
935,ranked_421.csv,0.12643671035766602,421
767,ranked_311.csv,0.1264156550168991,311
482,ranked_342.csv,0.12630389630794525,342
842,ranked_736.csv,0.1262374371290207,736
203,ranked_105.csv,0.12622380256652832,105
83,ranked_151.csv,0.12600679695606232,151
957,ranked_72.csv,0.12591305375099182,72
265,ranked_164.csv,0.12587563693523407,164
950,ranked_865.csv,0.125690296292305,865
603,ranked_138.csv,0.12568838894367218,138
742,ranked_239.csv,0.12565207481384277,239
933,ranked_171.csv,0.12560921907424927,171
244,ranked_91.csv,0.12552373111248016,91
951,ranked_15.csv,0.12541712820529938,15
592,ranked_971.csv,0.1254095733165741,971
934,ranked_927.csv,0.12536492943763733,927
785,ranked_183.csv,0.12525451183319092,183
303,ranked_147.csv,0.12523235380649567,147
355,ranked_305.csv,0.1251620352268219,305
347,ranked_969.csv,0.12494397163391113,969
890,ranked_757.csv,0.12485197931528091,757
230,ranked_204.csv,0.12463712692260742,204
775,ranked_813.csv,0.12455509603023529,813
322,ranked_338.csv,0.12453518062829971,338
22,ranked_314.csv,0.12416263669729233,314
175,ranked_798.csv,0.12416163831949234,798
90,ranked_283.csv,0.12409479916095734,283
793,ranked_196.csv,0.12392471730709076,196
962,ranked_429.csv,0.1239122822880745,429
588,ranked_206.csv,0.12388560175895691,206
519,ranked_346.csv,0.12384598702192307,346
610,ranked_109.csv,0.12375941872596741,109
427,ranked_178.csv,0.12375632673501968,178
525,ranked_852.csv,0.12371321022510529,852
248,ranked_271.csv,0.12363902479410172,271
137,ranked_953.csv,0.12359324097633362,953
412,ranked_240.csv,0.1234598383307457,240
787,ranked_102.csv,0.12343916296958923,102
392,ranked_306.csv,0.12343247979879379,306
902,ranked_922.csv,0.12324746698141098,922
623,ranked_268.csv,0.12307395040988922,268
986,ranked_933.csv,0.12302538752555847,933
524,ranked_960.csv,0.1227852925658226,960
725,ranked_232.csv,0.12253197282552719,232
362,ranked_142.csv,0.12241628766059875,142
565,ranked_181.csv,0.12230723351240158,181
20,ranked_21.csv,0.12222445011138916,21
626,ranked_814.csv,0.12205532193183899,814
676,ranked_869.csv,0.12203428894281387,869
430,ranked_292.csv,0.12201898545026779,292
442,ranked_356.csv,0.12187422811985016,356
547,ranked_850.csv,0.1218225285410881,850
608,ranked_364.csv,0.12178748100996017,364
625,ranked_218.csv,0.12170107662677765,218
390,ranked_0.csv,0.12169800698757172,0
656,ranked_991.csv,0.12164275348186493,991
817,ranked_851.csv,0.12150850892066956,851
122,ranked_152.csv,0.12148050963878632,152
408,ranked_910.csv,0.12139056622982025,910
253,ranked_248.csv,0.1213008314371109,248
466,ranked_351.csv,0.12120098620653152,351
870,ranked_274.csv,0.12118331342935562,274
909,ranked_827.csv,0.12117014825344086,827
499,ranked_230.csv,0.12114566564559937,230
387,ranked_411.csv,0.12112166732549667,411
56,ranked_373.csv,0.12111594527959824,373
989,ranked_940.csv,0.12106643617153168,940
144,ranked_208.csv,0.12103940546512604,208
522,ranked_35.csv,0.12095102667808533,35
208,ranked_194.csv,0.12073232978582382,194
200,ranked_161.csv,0.1207287460565567,161
25,ranked_241.csv,0.12061618268489838,241
447,ranked_250.csv,0.12055794149637222,250
249,ranked_291.csv,0.12052331864833832,291
420,ranked_365.csv,0.12045139819383621,365
106,ranked_593.csv,0.12036789208650589,593
761,ranked_207.csv,0.12026568502187729,207
299,ranked_984.csv,0.12007224559783936,984
558,ranked_595.csv,0.12006141245365143,595
724,ranked_270.csv,0.11974101513624191,270
614,ranked_192.csv,0.11962433904409409,192
557,ranked_316.csv,0.11950641870498657,316
861,ranked_104.csv,0.11950410157442093,104
894,ranked_16.csv,0.11946529150009155,16
276,ranked_384.csv,0.11938179284334183,384
232,ranked_209.csv,0.11930565536022186,209
849,ranked_882.csv,0.11927009373903275,882
484,ranked_367.csv,0.11890164017677307,367
185,ranked_405.csv,0.11867809295654297,405
992,ranked_560.csv,0.1186729371547699,560
560,ranked_275.csv,0.11851934343576431,275
958,ranked_79.csv,0.11846452206373215,79
769,ranked_73.csv,0.11826775968074799,73
489,ranked_315.csv,0.11816426366567612,315
939,ranked_313.csv,0.1180347129702568,313
286,ranked_300.csv,0.11763080209493637,300
385,ranked_280.csv,0.11751510202884674,280
201,ranked_254.csv,0.11750351637601852,254
234,ranked_838.csv,0.11748234182596207,838
460,ranked_174.csv,0.11724833399057388,174
39,ranked_332.csv,0.11704684793949127,332
197,ranked_221.csv,0.11660416424274445,221
256,ranked_37.csv,0.11641568690538406,37
452,ranked_228.csv,0.11595918983221054,228
834,ranked_118.csv,0.11568513512611389,118
205,ranked_38.csv,0.11529438942670822,38
816,ranked_246.csv,0.11527583748102188,246
839,ranked_319.csv,0.11435207724571228,319
195,ranked_970.csv,0.11422979086637497,970
181,ranked_87.csv,0.11413586884737015,87
698,ranked_126.csv,0.1140625923871994,126
413,ranked_828.csv,0.11405177414417267,828
125,ranked_90.csv,0.1140214279294014,90
591,ranked_155.csv,0.11402115225791931,155
224,ranked_325.csv,0.11372850090265274,325
579,ranked_256.csv,0.11350446939468384,256
304,ranked_734.csv,0.11333563178777695,734
318,ranked_317.csv,0.11322692036628723,317
792,ranked_806.csv,0.1131584569811821,806
562,ranked_872.csv,0.11315467208623886,872
12,ranked_214.csv,0.11315354704856873,214
531,ranked_805.csv,0.11281901597976685,805
78,ranked_886.csv,0.11201438307762146,886
984,ranked_26.csv,0.1118837371468544,26
550,ranked_847.csv,0.11171336472034454,847
28,ranked_74.csv,0.11169707775115967,74
468,ranked_70.csv,0.11148735880851746,70
617,ranked_5.csv,0.11144561320543289,5
314,ranked_808.csv,0.11140716075897217,808
945,ranked_964.csv,0.11129298061132431,964
679,ranked_868.csv,0.11121528595685959,868
860,ranked_958.csv,0.11108861118555069,958
878,ranked_928.csv,0.11105518043041229,928
624,ranked_134.csv,0.11099111288785934,134
837,ranked_860.csv,0.11093319207429886,860
753,ranked_97.csv,0.11083049327135086,97
415,ranked_926.csv,0.11078407615423203,926
220,ranked_11.csv,0.11037401109933853,11
912,ranked_205.csv,0.11032617837190628,205
616,ranked_898.csv,0.11014826595783234,898
128,ranked_8.csv,0.11008249968290329,8
593,ranked_903.csv,0.11004909127950668,903
196,ranked_791.csv,0.10987544804811478,791
628,ranked_27.csv,0.10983206331729889,27
985,ranked_262.csv,0.10918069630861282,262
267,ranked_85.csv,0.10910022258758545,85
892,ranked_680.csv,0.10909265279769897,680
223,ranked_929.csv,0.10897223651409149,929
271,ranked_84.csv,0.10886929929256439,84
563,ranked_829.csv,0.1081177145242691,829
30,ranked_794.csv,0.1078881174325943,794
822,ranked_198.csv,0.10780730098485947,198
404,ranked_170.csv,0.10770033299922943,170
182,ranked_796.csv,0.10761858522891998,796
292,ranked_911.csv,0.10750463604927063,911
82,ranked_723.csv,0.1072898879647255,723
353,ranked_935.csv,0.10710646212100983,935
759,ranked_919.csv,0.10677017271518707,919
903,ranked_956.csv,0.10643263161182404,956
752,ranked_800.csv,0.10602420568466187,800
848,ranked_132.csv,0.10579606890678406,132
654,ranked_826.csv,0.10554623603820801,826
993,ranked_817.csv,0.1051616221666336,817
673,ranked_871.csv,0.10506109893321991,871
795,ranked_30.csv,0.10499755293130875,30
262,ranked_888.csv,0.10446396470069885,888
289,ranked_819.csv,0.10416267067193985,819
873,ranked_32.csv,0.1036716103553772,32
972,ranked_33.csv,0.10359065979719162,33
377,ranked_112.csv,0.10339412093162537,112
543,ranked_336.csv,0.10330146551132202,336
825,ranked_56.csv,0.10306079685688019,56
678,ranked_844.csv,0.10305115580558777,844
491,ranked_154.csv,0.10288438200950623,154
829,ranked_95.csv,0.10269114375114441,95
215,ranked_53.csv,0.10268837958574295,53
60,ranked_6.csv,0.10247591882944107,6
290,ranked_4.csv,0.10236547142267227,4
29,ranked_36.csv,0.10217132419347763,36
160,ranked_141.csv,0.10197494924068451,141
167,ranked_199.csv,0.10176163911819458,199
331,ranked_730.csv,0.10146977752447128,730
537,ranked_830.csv,0.10125713795423508,830
832,ranked_523.csv,0.10096298158168793,523
661,ranked_244.csv,0.10066483169794083,244
520,ranked_14.csv,0.10003966093063354,14
509,ranked_39.csv,0.09969699382781982,39
581,ranked_861.csv,0.09969428926706314,861
778,ranked_877.csv,0.0996643602848053,877
790,ranked_236.csv,0.09926111996173859,236
880,ranked_45.csv,0.09922772645950317,45
494,ranked_41.csv,0.09849629551172256,41
21,ranked_959.csv,0.09839291125535965,959
604,ranked_863.csv,0.09832702577114105,863
69,ranked_700.csv,0.09824053943157196,700
135,ranked_93.csv,0.09823869913816452,93
949,ranked_549.csv,0.09749879688024521,549
599,ranked_46.csv,0.09730112552642822,46
965,ranked_885.csv,0.09729980677366257,885
730,ranked_779.csv,0.09728895127773285,779
564,ranked_130.csv,0.09719812124967575,130
657,ranked_125.csv,0.09621123224496841,125
760,ranked_914.csv,0.09606314450502396,914
50,ranked_705.csv,0.09495352953672409,705
214,ranked_330.csv,0.0947575718164444,330
284,ranked_47.csv,0.09457138925790787,47
905,ranked_745.csv,0.094558946788311,745
669,ranked_708.csv,0.09440059959888458,708
300,ranked_202.csv,0.09386178851127625,202
974,ranked_409.csv,0.0936339795589447,409
987,ranked_177.csv,0.09292984008789062,177
487,ranked_63.csv,0.09274095296859741,63
582,ranked_129.csv,0.09263262152671814,129
27,ranked_632.csv,0.09204286336898804,632
62,ranked_631.csv,0.09191615134477615,631
884,ranked_658.csv,0.09179432690143585,658
379,ranked_643.csv,0.09035001695156097,643
193,ranked_652.csv,0.09031681716442108,652
751,ranked_19.csv,0.0899510383605957,19
729,ranked_639.csv,0.08983372151851654,639
668,ranked_667.csv,0.08978252112865448,667
875,ranked_740.csv,0.08942997455596924,740
566,ranked_878.csv,0.08930660784244537,878
240,ranked_217.csv,0.08924271911382675,217
429,ranked_820.csv,0.08916357904672623,820
219,ranked_425.csv,0.08914141356945038,425
675,ranked_845.csv,0.08904638141393661,845
310,ranked_83.csv,0.08796810358762741,83
189,ranked_127.csv,0.08688767999410629,127
370,ranked_20.csv,0.08660951256752014,20
689,ranked_55.csv,0.08588861674070358,55
351,ranked_636.csv,0.08569273352622986,636
515,ranked_816.csv,0.0847003385424614,816
743,ranked_615.csv,0.08464916050434113,615
735,ranked_13.csv,0.08454478532075882,13
462,ranked_49.csv,0.0845264196395874,49
919,ranked_748.csv,0.08357439190149307,748
863,ranked_706.csv,0.08325793594121933,706
77,ranked_682.csv,0.0829007551074028,682
454,ranked_80.csv,0.08283895999193192,80
49,ranked_160.csv,0.08279701322317123,160
926,ranked_146.csv,0.08258736878633499,146
969,ranked_768.csv,0.08187741041183472,768
239,ranked_133.csv,0.08162067085504532,133
63,ranked_86.csv,0.08112777769565582,86
194,ranked_18.csv,0.07969968765974045,18
567,ranked_82.csv,0.07955247908830643,82
344,ranked_64.csv,0.07925603538751602,64
126,ranked_108.csv,0.07791990041732788,108
695,ranked_40.csv,0.07775652408599854,40
53,ranked_618.csv,0.07655694335699081,618
854,ranked_654.csv,0.07578036189079285,654
845,ranked_59.csv,0.07417526096105576,59
184,ranked_434.csv,0.07390725612640381,434
17,ranked_655.csv,0.07350699603557587,655
723,ranked_624.csv,0.07344970852136612,624
269,ranked_594.csv,0.0718597024679184,594
575,ranked_669.csv,0.0709904283285141,669
835,ranked_627.csv,0.06918946653604507,627
956,ranked_787.csv,0.06830889731645584,787
453,ranked_804.csv,0.06779389828443527,804
756,ranked_722.csv,0.06769385933876038,722
997,ranked_646.csv,0.06496318429708481,646
774,ranked_718.csv,0.06370123475790024,718
925,ranked_673.csv,0.0634126216173172,673
109,ranked_687.csv,0.062379322946071625,687
781,ranked_836.csv,0.06097296625375748,836
361,ranked_738.csv,0.060832202434539795,738
374,ranked_772.csv,0.0576481893658638,772
198,ranked_690.csv,0.057068921625614166,690
911,ranked_786.csv,0.05471194535493851,786
380,ranked_696.csv,0.04924554377794266,696
772,ranked_625.csv,0.045783936977386475,625
715,ranked_842.csv,0.04380454868078232,842
100,ranked_750.csv,0.032034359872341156,750
